<?xml version="1.0" encoding="UTF-8"?>
<TEI xml:space="preserve" xmlns="http://www.tei-c.org/ns/1.0" 
xmlns:xsi="http://www.w3.org/2001/XMLSchema-instance" 
xsi:schemaLocation="http://www.tei-c.org/ns/1.0 https://raw.githubusercontent.com/kermitt2/grobid/master/grobid-home/schemas/xsd/Grobid.xsd"
 xmlns:xlink="http://www.w3.org/1999/xlink">
	<teiHeader xml:lang="en">
		<fileDesc>
			<titleStmt>
				<title level="a" type="main">Printing Privileges for Psalters in the Seventeenth-Century Dutch Republic</title>
				<funder ref="#_Vcyz6Qz #_rqWqRuD">
					<orgName type="full">Jaarboek voor Nederlandse Boekgeschiedenis</orgName>
				</funder>
			</titleStmt>
			<publicationStmt>
				<publisher/>
				<availability status="unknown"><licence/></availability>
			</publicationStmt>
			<sourceDesc>
				<biblStruct>
					<analytic>
						<author>
							<persName><forename type="first">Nina</forename><surname>Geerdink</surname></persName>
							<affiliation key="aff0">
								<orgName type="institution">Utrecht University</orgName>
							</affiliation>
							<affiliation key="aff0">
								<orgName type="institution">Utrecht University</orgName>
							</affiliation>
						</author>
						<title level="a" type="main">Printing Privileges for Psalters in the Seventeenth-Century Dutch Republic</title>
					</analytic>
					<monogr>
						<idno type="ISSN">e: 2543-1587</idno>
					</monogr>
					<idno type="MD5">321A3658B22E8E5418AD8C4B3FC97C13</idno>
					<idno type="DOI">10.51750/emlc.20857</idno>
				</biblStruct>
			</sourceDesc>
		</fileDesc>
		<encodingDesc>
			<appInfo>
				<application version="0.8.2-SNAPSHOT" ident="GROBID" when="2025-02-20T16:44+0000">
					<desc>GROBID - A machine learning software for extracting information from scholarly documents</desc>
					<ref target="https://github.com/kermitt2/grobid"/>
				</application>
			</appInfo>
		</encodingDesc>
		<profileDesc>
			<textClass>
				<keywords>
					<term>printing privileges</term>
					<term>religious literature</term>
					<term>psalters</term>
					<term>paratexts</term>
				</keywords>
			</textClass>
			<abstract>
<div xmlns="http://www.tei-c.org/ns/1.0"><p>Starting from the assumption that printing privileges were an important way of enhancing a publication's reputation, this article focuses on psalters, which played an important role in Protestant religious life in the Dutch Republic. Psalters were among the earliest books granted privileges by the States of Holland and the States-General, and were published with a privilege more often than other works. Furthermore, while privileges were generally applied for by publishers, in the case of psalters it was often the psalmists themselves who were the applicant. This article argues that this remarkable engagement of psalmists and printers of psalters in the system of printing privileges interacted with the pluralism of the seventeenth-century Dutch religious landscape, showing how the contexts of the privileged psalters diversified: whereas the first privileges were connected to the Dutch Revolt and the creation of a strong Reformed church, later on in the seventeenth century privileged psalters also became important within other churches. An analysis of the use of the privileges in the front matter of psalters suggests that the sense of political approval of the privilege interacted with the religious approval that psalmists sought. When aiming at an official position within the church, a psalmist was probably at a disadvantage if their work was lacking such a privilege.</p></div>
			</abstract>
		</profileDesc>
	</teiHeader>
	<text xml:lang="en">
		<body>
<div xmlns="http://www.tei-c.org/ns/1.0"><p>Printing Privileges for Psalters in the Seventeenth-Century Dutch Republic Nina Geerdink   The first printing privileges granted by the States of Holland date from the late 1570s. By requesting privileges from the States of Holland, who at this point in time had no formal power to regulate the book trade, Bible printers in fact took the first steps toward a system in which the States had the formal authority to grant such privileges. During these first decades of the Dutch Revolt, Calvinist Bible printers requested privileges from the States of Holland because they did not wish to engage with the Antwerp-based States-General. <ref type="bibr">1</ref> It soon became clear, however, that privileging Bibles was a very complex matter, as competing printers requested their own privileges for the same text. In the 1580s it therefore became standard practice that Bible privileges would only apply in the case of specific textual of formal varieties. This became a problem in 1637, when the Dutch authorised Bible -the so-called 'States Bible' -was published, as it trumpeted the ideal of uniformity, that is, that there no longer ought to be textual variants. After much controversy, the privilege for printing the States Bible was granted to its translators, who promptly gave it to the city of Leiden, who in turn gave it to the States printer, the widow Van Wouw. Other cities and their printers were fiercely opposed to this and decided to ignore it, making the privilege worthless in practice. Hence, as soon as it expired, in 1652, the States decided that privileges for the printing of Bibles could no longer be requested.</p><p>All in all, Bible privileges were toothless when it came to protecting the business of Bible printing: before 1637 multiple printers would be granted 'the' privilege for printing the same Bible; after 1637 the need for a privilege to print Bibles was ignored, an act supported by (local) authorities. It is likely, therefore, that so long as it was possible to gain such privileges, they were primarily requested to lend an air of official approval to the subsequent printed Bibles. <ref type="bibr">2</ref> Whereas historians of the book tend to see privileges as attempts to prevent the publication of pirated copies, the course of events at the end of the sixteenth century, as described above, shows that there must have been other reasons for a Bible printer to request privileges. <ref type="bibr">3</ref> Indeed, recent scholarship calls for a broader perspective on privileges, one that looks beyond the legal and economic interest of printers. <ref type="bibr">4</ref> Starting from this assumption that privileges were an important way of adding authority to the reputation of a particular publication, this article highlights privileges granted to psalters. Psalms -the poems taken from the biblical book of Psalms -had always been important in religious life, as they were thought to represent the word of God. <ref type="bibr">5</ref> There are various distinct genres within the psalms, but they all share a combination of individual devotion or meditation on the one hand, and guidance in collective feelings of joy, grief, gratitude, or worship on the other. By creating a Dutch language community of Calvinists, books with psalms rhymed in Dutch played a crucial role in the spread and development of the Reformation in the Low Countries at the end of the sixteenth century. <ref type="bibr">6</ref> Furthermore, many Dutch psalm books were published during the seventeenth and eighteenth centuries and across all formats, though most often in smaller formats.<ref type="foot" target="#foot_6">foot_6</ref> Among these titles were books with selections of the psalms, but also many complete psalm books, known as psalters, consisting of all 150 psalms from the Bible. In these publications, the psalm texts were adapted into (rhymed) songs, that were either to be sung to existing melodies, or sung with the help of accompanying musical notations. <ref type="bibr">8</ref> These adaptations were meant for liturgical use in both churches and at home. Many psalm books were intended for specific religious audiences, with each confession having its own official psalter, but over the course of the early modern period psalm books became increasingly interconfessional.</p><p>Following the Reformation, psalm books became almost as important as Bibles within the Protestant church, religious communities, and households. The 1652 States' decision to no longer allow printers to request a privilege for Bibles was not extended to other church books at first, so it remained possible to request privileges for psalm books throughout the seventeenth century. Given both the popularity of psalms in all Protestant religious contexts and the possibility that a particular psalter might be used as the standard text within a confessional community, it comes as no surprise the producers of psalm books often requested privileges to either protect their investment or lend their publications an official air. Just like Bibles, psalm books were among the earliest books granted privileges by the States of Holland and the States-General. In 1579, Philips van Marnix, Lord of St. Aldegonde (1540-1598), became the first psalmist to request a privilege for a psalm book in the Northern Netherlands, and it seems he set the tone, because during the long seventeenth century, psalters were more often published with a privilege than other books. Moreover, whereas privileges in general were usually requested by printers, in the case of psalters it was often the psalmists themselves who requested the privilege.</p><p>The fact that psalmists often requested their own privilege can be explained, I argue, by looking at the heated debate about Bible privileges in the first half of the century, and the inability to request Bible privileges in the second half of the century: since psalms, just like other texts from the Bible, did not belong to any individual but were part of the public domain, it was not easy for a printer to claim ownership of a psalter. The psalmist, however, was able to explain what he changed or added to his version of the text and could thus claim ownership for these changes and addenda. Indeed, as we will see, psalmists would often include passionate defences of the choices they made in the front matter of their publications.</p><p>This article will focus on the front matter of privileged psalm books, in order to explore the remarkable engagement with the system of privileges by psalmists and printers of psalters during the long seventeenth century. It appears that privilege and other front matter elements interacted in an attempt to present the psalm edition or translation as trustworthy, user-friendly, correct from a linguistic, religious, or musicological perspective, and sometimes also as appropriate for a specific audience. Particular emphasis was dependent upon the ambitions of the publication: during the first half of the century, the privileged psalters were primarily created in the hope of becoming the new standard in the Reformed church, while in the second half of the century privileged psalm books diversified and were often created for specific communities, most notably Lutherans and Mennonites, or for a specific community of believers at home or in informal congregations.</p></div>
<div xmlns="http://www.tei-c.org/ns/1.0"><head>Printing Privileges for Psalters</head><p>Privileges were requested for all kinds of books during the long seventeenth century, and at first sight the proportion of psalters does not stand out. Religious books in general accounted for the largest share of privileged books, but this can simply be explained by the fact it also accounted for a very large, if not the largest, share of all books published. 9 However, as it is estimated that less than 1 percent of all books published in the Dutch Republic had a privilege, it is remarkable that of the thirty-two psalters published in the Northern Netherlands between 1580 (the year Marnix first published his psalms) and 1700, ten were printed with privilege (tab. 1). <ref type="bibr">10</ref> Next to these ten complete Dutch language 9 Groenveld, 'The Dutch Republic', 295-296. 10 On the estimate, see Hoftijzer, 'Nederlandse boekverkopersprivileges', 49. The number of thirty-two psalters is based on Ros, Davids soete lier, who gives an overview of all Dutch psalm translations and adaptations published between the sixteenth century and the twenty-first, counting thirty-one complete psalm books between 1580-1700. I added the psalter of musician Jacob Hendricksz. (1649), which is absent because he did not translate the psalms himself. Pettegree and Der Weduwen, The Bookshop, 130, argue that because of their intensive use many psalm books are probably lost, which means there might have been more than thirty-two psalters published, and of these lost editions we cannot, of course, know whether they were published 'with privilege'. The number of ten privileges is based on mentions of a privilege in the front matter of the psalters. It is thus possible more psalters had a privilege, but failed to include it in their publication. Since I focus here on the use of the privilege within the publication, these are not relevant for my current analysis. In future research, all privileges in the archives of the States of Holland and States-General should be checked for psalm books to be able to include both lost psalm books with privilege and psalm books with a privilege not mentioned in the front matter.</p><p>Tab. 1 Psalters printed in the Dutch Republic with a privilege, including prolongations, 1580-1700. Case no. Applicant Role Title Granting body Date granted 1 Bonaventura Vulcanius, on behalf of Philips van Marnix van St. Aldegonde Psalmist Het boeck der Psalmen Davids States of Holland 24 September 1579 Bonaventura Vulcanius Intermediary Marnix, Het boeck der Psalmen (prolongation) States-General 13 May 1591 Renier de Casembroot Printer Psalmboeck […] door Aldegonde States-General 2 July 1599 Bonaventura Vulcanius Intermediary Marnix, Het boeck der Psalmen, corrected edition States-General 20 May 1606 Louis Elsevier Printer Marnix, Het boeck der Psalmen States-General 6 August 1616 2 Anthonis de Hubert Psalmist De Psalmen des Propheeten Davids States-General 9 August 1623 Anthonis de Hubert Psalmist De Psalmen des Propheeten Davids (prolongation) States-General 10 August 1640 3 Johan de Brune Psalmist CL Davids Psalmen States-General and States of Holland 4 and 9 March 1643 4 Cornelis Boey Psalmist Psalmen Davids States-General and States of Holland 14 December 1644 and 12 January 1645 5 Jacob Hendricksz Psalmist De CL Psalmen des Propheten Davids States of Holland 26 November 1649 6 Arnout van Overbeke Psalmist De Psalmen Davids States-General and States of Holland 2 and 6 March 1662 7 Johannes van Vlakveld Psalmist Des Konings en Prophete Davids boeck States of Holland 25 March 1682 8 Jan Rieuwertsz. and Pieter Arentsz. Printer Oudaen, Davids Psalmen, nieuwlyx op rym gestelt States of Holland 13 April 1684 9 Gerardus Borstius Printer Ghysen, Den Hoonig-raat der psalmdichten States of Holland 18 February 1686 10 Jan van Duisberg Psalmist/Printer De CL Psalmen Davids States of Holland 7 January 1688</p><p>psalters comprising all 150 psalms, there were also many requests for other publications which included psalms, or requests by composers or musicians for psalm music. 11 It is not only the number of psalm books which appeared with a privilege that is remarkable, but also the fact that many of these privileges were requested not by the printer, but by the psalmist himself. In the complete corpus of privileges granted by the States-General and the States of Holland during the seventeenth century, as surveyed by Paul Hoftijzer, it appears that only 25 percent of requests for privileges were made by people and institutions other than printers. Authors represent but a small part of this percentage. 12 This seems logical, as authors commonly did not get paid for their publications and requesting 11 See for example the request by Tjaert Sonnema for printing a psalm book with only a selection of the psalms (Sonnema, Basuin-klank): The Hague, Nationaal Archief (hereafter na), States-General (hereafter sg) 156, Resolution 2 February 1661 and sg 12313, fol. 3r; na, States of Holland (hereafter SvH) 1614, Resolution 21 November 1661. See also the request by Joh. Angelius Werdenhagen for, amongst other publications, a Latin translation of the psalms: sg 12304, Resolution 9 September 1630, fol. 36r. There is no copy known of Werdenhagen. 12 See Geerdink, 'Literair auteurs', about authorial engagement with the system of printing privileges. I am grateful to Paul Hoftijzer for sharing the data of his survey. a privilege was expensive. Moreover, printers often frustrated authors' requests in an attempt to protect their trade. <ref type="bibr">13</ref> Of the ten privileges granted to complete psalters in Dutch, however, eight were requested by the psalmist himself (see tab. 1).</p><p>Both reputation management and economic reasons must have motivated the psalmists and the printers of psalters to request a privilege. In 1566, the religious authorities mandated Datheen's psalter for use within Dutch Calvinist churches. <ref type="bibr">14</ref> In practice, however, various psalters were used, at home and in churches, and in both Calvinist and other communities. From the start, complaints were voiced concerning Datheen's psalter, namely that it was difficult to sing his translations of the French because of metrical deviations and that, according to some, there were mistakes in his translations. <ref type="bibr">15</ref> Some newly rhymed psalters, such as Marnix's, were openly aimed at 'dethroning' Datheen, but it would take until 1773 for the States-General and the religious authorities to agree on an alternative to Datheen. <ref type="bibr">16</ref> Similar battles about replacement were going on within other confessions. In the meantime, many Dutch psalters saw the light of day, each one having its own religious, political, linguistic, literary, or musical agenda, and its own group of supporters. A privilege in these cases could be a strategic element in the publication's front matter.</p><p>While an 'official touch' in the front matter was beneficial for ideological reasons, as it gave the impression of authority, it could also be economically motivated. Although there seems to have been always a possibility of failure, printing psalm books was on the whole a lucrative business.<ref type="foot" target="#foot_12">foot_12</ref> Just like other church books, psalters represented a considerable trade and sales were stable. <ref type="bibr">18</ref> Since commercial considerations seem more often than not to have been a major incentive behind the creation and marketing of new psalm books, the requesting of privileges should also be seen in this light. Indeed, some of the requests by psalmists are for psalters they invested in themselves. In the cases of the Enkhuizen musician Jacob Hendricksz. (before 1649-after 1664), the Haarlem physician Johannes van Vlakveld (1628-after 1683), and the Amsterdam lawyer Arnout van Overbeke (1632-1674), it seems safe to assume that the request of the privilege, either to provide the 'official touch' or to prevent people from copying their work illegally, must have been motivated by the wish to protect their investment.</p><p>To better understand the dynamics between commercial and ideological reasons for requesting privileges, as well as the importance of a privilege for a psalter's appearance, this essay analyses the printing privileges in psalters in use during the long seventeenth century. The requests themselves seldom survive as discrete documents, but are invariably paraphrased in the States' resolutions, where the granting of the privilege is noted. <ref type="bibr">19</ref> In most requests, a conventional phrase was used in which it is stated that the printer or psalmist wants to protect himself against baatzuchtige nadrukkers: selfish, profit-seeking pirate printers trying to steal a piece of the pie they had put so little effort into baking. Tellingly, psalmists often went much further. Applicants for (printing) privileges in general emphasised how their publication contributed something new and useful which would benefit society. <ref type="bibr">20</ref> In those requests which have survived in the archives, both psalmists and printers regularly emphasise the ways in which their work has been approved of by others, such as religious authorities, and the psalmists often elaborate on details of their work. These kinds of additions were, in theory at least, unnecessary, as the States expressly stated that the granting of a print privilege did not constitute their authorisation of its contents. <ref type="bibr">21</ref> In practice, however, they could be useful, most importantly for the way the privileges were advertised as 'badges of honour': the showcasing of the privilege within the publication.</p><p>To analyse this showcasing of the privilege, I studied the front matter of the ten privileged psalters and their various editions published in the Dutch Republic during the long seventeenth century (see tab. 1). Books with a privilege often appeared with a note on the title page: met privilege ('with privilege'). Also, it was mandatory to copy the formal attribution by the States into the book. <ref type="bibr">22</ref> On occasion, information about the transfer of the privilege to a specific printer would be shared below the formal text. There were also authors who signed every single copy of their book to mark that it was published with their consent. <ref type="bibr">23</ref> Moreover, other parts of the front matter, such as dedications, forewords, or laudatory poems, sometimes mention the privilege. Most importantly for my purposes is the fact that the discourse deployed in the request itself is often repeated and elaborated on in the front matter of the analysed psalm books. Moreover, the use of the privilege in a psalter's front matter turns out to be interrelated with the confessional communities they were meant for, and this usage diversified over time. The discussion of the various cases in this article is therefore more or less chronologically ordered along the lines of confessional communities.</p></div>
<div xmlns="http://www.tei-c.org/ns/1.0"><head>Privileged Psalters in the Public Church: Dethroning Datheen, 1579-1660</head><p>In 1579, Bonaventura Vulcanius (1538-1614), in the name of his master Philips van Marnix, Lord of St. Aldegonde, turned to the States of Holland to request a privilege for the 19 In the resolutions of the States of Holland (na, SvH, including the on-line index), the requests as well as the privileges are registered. In the resolutions of the States-General (na, sg; until 1625 also digitally available via <ref type="url" target="https://resources.huygens.knaw.nl/retroboeken/statengeneraal">https://resources.huygens.knaw.nl/retroboeken/statengeneraal</ref>), only the privileges granted are noted. A few weeks before the publication of this article, all resolutions of the States-General became digitally available through the web application <ref type="url" target="www.goetgevonden.nl">www.goetgevonden.nl</ref> (Huygens ing). 20 Machielse, Privilegie, 19-20; Buning, Knowledge, 189-193.  21 Schriks, Het kopijrecht, 117. 22 Van Eeghen, De Amsterdamse boekhandel, v, 223-224.  23 For other strategies designed to prevent others making illegal copies see, for example, Hoftijzer, De zeis, 11.</p><p>printing and publishing of Marnix's translation of the psalms. <ref type="bibr">24</ref> Vulcanius was a humanist scholar and secretary to Marnix, a man who, as the right hand of William of Orange, played a crucial role in the Dutch Revolt. In view of the ambitions of these two powerful men, the privilege comes as no surprise: Marnix's new rhymed translation was meant to replace Datheen's. Vulcanius, who was at home in the world of the book as a scholar and copy-editor, presented his master's translation to the provincial synod in Rotterdam in 1581 and, later that year, to the national synod in Middelburg, and would continue lobbying for his master's translation as the synods, initially at least, appeared unwilling to replace Datheen's psalter with Marnix's. <ref type="bibr">25</ref> By translating from Hebrew faithfully (getrouwelijcken), and inspired by the wellknown French examples used by Datheen (op de Franchoise wyse), as is emphasised in the request as well as in the title of the publication, Marnix met ecclesiastical interests. <ref type="bibr">26</ref> Moreover, many learned people considered his psalter an improvement on Datheen's. <ref type="bibr">27</ref> Marnix knew, however, that quality alone would not be enough to convince the Reformed church to decide in favour of his book, and he thus attempted to garner support for his translation in various other ways. He had made sure that replacing Datheen's translation would be easy for church communities, as he translated the same number of verses, and included a translation of Calvin's foreword from the 1543 edition, just as Datheen had. <ref type="bibr">28</ref> Moreover, in a 'Warning to the Christian reader', he emphasised it was not his intention to dishonour Datheen, nor to decide for 'the common man' that Datheen ought to be replaced. He only used the qualities God gave him to create a new translation for the wellbeing of the church. In the end, the Christian hearts of the people should decide whether this indeed led to an improvement or if they would like to stick with Datheen. <ref type="bibr">29</ref> In the meantime, it becomes clear Marnix thought that his translation should supplant Datheen's, as the remainder of the preliminary text -a defence of his theological and linguistic choices -made clear.</p><p>By dedicating his psalter to the States of Holland, Marnix tried to secure political support for his ambitions. <ref type="bibr">30</ref> That he applied for a printing privilege in Holland and other provincial states, as well as at the Council of State and Governor-General Matthias of Austria, should be regarded part of the power play between Marnix and the supporters of Datheen, among whom were those booksellers who feared suffering significant losses if they could no longer sell their stock of Datheen's psalters. <ref type="bibr">31</ref> Preceding the title page of the 1580 publication, a full page is dedicated to the privileges granted to Marnix, which were confirmed by William of Orange. <ref type="bibr">32</ref> It was all in vain, as the synods refused to replace Datheen, most probably because of the fierce opposition of booksellers. Even when the Reformed church finally decided in favour of Marnix, during the general synod of The Hague in 1586, the decision would not be implemented in church service. <ref type="bibr">33</ref> Marnix reacted by improving his translation, publishing a revised edition in 1591. Again, the front matter formed part of his attempt to dethrone Datheen: he applied for a privilege with the States-General, the most important authority at that moment in time, dedicating his book to it. Tellingly, he mentioned neither Datheen nor his ambitions with the psalter in the dedication, which is completely devoted to praising the psalms as such. <ref type="bibr">34</ref> In his foreword for the readers, he maintains the structure of the 'Warning' from 1580, but there were some additions in the explanation of the revisions, and also some smaller but telling additions to the rest of the text. In emphasising that he was not intent on making the decision to get rid of Dathleen for the common man, he now for example added that 'often during his life he [i.e., Datheen] had confessed to having produced his psalms in a hurry' , implying a lack of quality. <ref type="bibr">35</ref> This fervour is absent in the extract from the privilege, where the focus is on the improvements Marnix had made in this revised edition. <ref type="bibr">36</ref> Once more all his efforts were in vain, except for a small victory in the Frisian synod of 1595, where it was decided that church communities had the freedom to choose Marnix's translation instead of Datheen's. It is unknown whether any individual community acted upon this freedom to choose, however. 37 After Marnix's death in 1598, Vulcanius continued to press for the adoption of the psalter, including the request of a privilege for a new edition of Marnix's psalter in 1606, after the expiration of a privilege that in the meantime had been requested by the printer Casembroot from The Hague. <ref type="bibr">38</ref> Vulcanius died in 1614, however, and would thus not witness the psalter's publication, which finally occurred in 1617. Marnix's psalter then appeared with a new privilege, requested by the printer Louis Elzevier. <ref type="bibr">39</ref> As this contextualised analysis of the front matter in his psalm books shows, Marnix's and Vulcanius's efforts are a case in point with regarding printing privileges not merely as protection against pirated editions, but as 'badges of honour', suggesting approval by the authorities -or even, one could argue, for use as virtual chess pieces in political and religious controversies of the time.</p><p>Although it had become clear that every attempt of Marnix and Vulcanius to dethrone Datheen was to no purpose, other psalmists followed in Marnix's footsteps with the publication of privileged psalters: Anthonis de Hubert (1583-after 1644) in 1624, Johan de 32 Marnix, Het boeck (1580). 33 Van Toorenenbergen, 'De psalmberijming'. 34 Marnix, Het boeck (1591). 35 Marnix, Het boeck (1591): 'hoewel hy dickmael in zijnen leven bekent heft dat sy met grooter haasten ge maeckt was'. 36 On the front matter in this edition, see also Ros, Davids soete lier, 106-107. 37 Ros, Davids soete lier, 107. 38 We can only speculate about Casembroot's motives, as the granting of the privilege is not accompanied by excerpts from the request and no known copy of the book survived: Japikse et al. (eds.), Resolutiën, x, 823-824. 39 Marnix, De CL Psalmen.</p><p>Brune the elder (1588-1658) in 1643, and Cornelis Boey (1608-1665) in 1648. <ref type="bibr">40</ref> Maybe not coincidentally, all three men were jurists from Zeeland, in or on their way to high positions. De Hubert was a member of the Zierikzee town council and would later join the Amsterdam admiralty; in his capacity as a linguist, he had also been involved in the supervision of the States-General's translation of the Bible. <ref type="bibr">41</ref> De Brune would become Zeeland's land advocate in 1649, and Boey solicitor-general, among other things, for Holland, Zeeland, and Frisia in 1651. <ref type="bibr">42</ref> Although they were not of Marnix's calibre, each of them must have had the connections and capacities necessary to apply for such a privilege even though they were not printers. <ref type="bibr">43</ref> Moreover, their Zeeland origin is of importance as it was the most strictly Calvinist province of the Dutch Republic. The three men each requested a privilege for their psalter and included the full text of the granted privilege (including their own request) in the front matter of the publication.</p><p>In sending his book to literary friends in Amsterdam and dedicating it to local authorities he had worked with, one gets the impression De Hubert did not necessarily want to make a religious statement with his translations. 44 Indeed, unlike Marnix, he did not conform to choices made by Datheen, which would have made it difficult to replace Datheen's version with his, and in the book's front matter he deployed a discourse focused on his linguistic accuracy. The rhymed psalms are 'translated by him from the original text word for word, and rhymed in Dutch' , as is stated in the privilege text, which is printed in the front matter of the book. <ref type="bibr">45</ref> Moreover, his linguistic accuracy is underlined in the various front matter texts time and again, as he repeatedly notes he tried to stay as close to the elevated Hebrew language as possible, reconsidering every single letter.</p><p>De Brune also stayed as close as possible to the Hebrew original and emphasised his accuracy. His translation was not rhymed for that very reason, but there was something that distinguished his psalter from De Hubert's in a positive way: the States translation of the Bible had been published between the two psalters, and De Brune emphasised in several front matter texts that his translation was 'in line with the new Bible translation' , mentioning this on the title page and including it as part of the addendum to the privilege printed in the front matter. <ref type="bibr">46</ref> More than De Hubert, De Brune seems to have strived to get his translation 40 In 1649, the Enkhuizen schoolmaster and musician Hendricksz. published a psalm translation meant, as the publication's front matter suggests, for the Reformed church, but he did not intend to dethrone Datheen: he kept Datheen's texts and only added new musical annotation to make it easier to sing the psalms during church services. He focused his publication specifically on his own community in Enkhuizen and invested in it himself. It seems, therefore, that he mainly wished to protect his investment by applying for a privilege. Little is known about Hendricksz., except for the fact that he was also active as a bookseller in Enkhuizen in 1649-1650, see Hoogendoorn, Bibliography, 578; 'Hendricksz, Jacob' , Bibliopolis, <ref type="url" target="https://www.bibliopolis.nl/personen/search/database/ADRES+THESAUR/name/Hendricksz/sort/mainEntry/maximumRecords/1/page/26">https://www.bibliopolis.nl/personen/search/database/ADRES+THESAUR/name/ Hendricksz/sort/mainEntry/maximumRecords/1/page/26</ref> (Accessed on 25 November 2025). 41 Zwaan, Uit de geschiedenis, 1-13. 42 Porteman and Smits-Veldt, Een nieuw vaderland, 320; Keblusek, Boeken in de Hofstad, 212-214. 43 Geerdink, 'Literair auteurs'. 44 Ros, Davids soete lier, 127. 45 De Hubert, De Psalmen: 'bii hem na de oorspronckeliicken text van woorde te woorde vertaelt, ende in Neder duiitz Riim gestelt' . 46 De Brune, De CL. Davids Psalmen: 'in conformatie van de nieuwe oversettinge'. De Brune did deviate from the States translation now and then, however, and he discusses why in the front matter, but at first sight, his emphasis is on the alignment.</p><p>introduced into the church service: he added an approbation of the Walcheren classis, emphasising the usability of the translation, and dedicated the book to the States-General. <ref type="bibr">47</ref> After the first publication in 1644, two revised editions appeared in 1650, evidently meant to make the introduction of the translation in church services easier: in the first, the number of stanzas was changed to match Datheen's number; in the second, the meter was equalised and Datheen's rhymed translation printed alongside De Brune's. <ref type="bibr">48</ref> In the second edition, De Brune also included an appraisal made by some Utrecht professors, among them Voetius, who recommended the use of the translation for collective singing in Utrecht churches. <ref type="bibr">49</ref> Boey tried to combine the best of two worlds by revising Datheen's verses to match them with the language of the States translation of the Bible. His ambitions with the work are evident from the front matter, where he wrote that this revision made his version of the psalms 'very suitable for use in the Reformed churches, without any hindrance'. <ref type="bibr">50</ref> Boey included the privilege texts, from both the States of Holland and the States-General, and a dedication to the States of Holland. An important difference between Boey's privilege and the privileges granted to De Hubert and De Brune is that Boey had applied for a privilege for all of his poetical works. His request therefore does not specify any details about his psalm translation and the privilege text in the front matter of the publication does not reinforce what is written about the translation in other texts in the front matter. Just like De Brune, however, Boey published a revised edition ( <ref type="formula">1659</ref>), which he dedicated to The Hague ministers (one of whom had supplied an appraisal, also included).</p><p>It is clear that although Datheen's version would remain the official psalter for use in Reformed church services throughout the century, these men did everything in their power to try and get their own versions sung in churches next to, or even instead of, Datheen's. Their theological and linguistic strategies varied, but the manner in which the privileges were showcased in the front matter of their publications is very similar: they were mentioned on the title page and got a prominent position in the front matter. Either by repeating the strengths of the psalm translation or through creating an overlap between the dedicatees and the authorities granting the privilege, this inclusion of the texts of the approval was a coherent part of the front matter and a strategic asset to its ambitions. By including recommendations from, or dedications to, church officials, we see them aligning the sense of political approval to one of religious approval. Was this also a useful strategy for psalmists and psalm printers focusing on churches other than the Reformed, and thus in theory operating outside of the political realm in the Dutch Republic?</p><p>Privileged Psalters in the Lutheran Church: Dethroning Van Haecht, 1662-1700   From 1588 onwards there was a Lutheran community in the Dutch Republic, with its centre in Amsterdam. Although the Lutherans were at first barely tolerated by the Reformed</p><p>47 Ros, Davids soete lier, 153. 48 Ros, Davids soete lier, 154-155. 49 Ros, Davids soete lier, 155. 50 Boey, CL Psalmen: 'Seer bequaem om inde Gereformeerde Kercken, sonder verhinderinghe, gebruyckt te worden.' Also cited in Ros, Davids soete lier, 156-157.</p><p>city council and thus had to be very careful and quiet while conducting their services, they were used to singing psalms and had brought Van Haecht's Dutch edition of the psalter from Antwerp to do so. There was much discontent concerning this translation, however, just as there was among the Reformed with Datheen's, and many new psalters would be published over the century in an attempt to replace <ref type="bibr">Van Haecht. 51</ref> That it was not until 1663 that such a Lutheran psalter was published with a privilege of the States-General and the States of Holland should be put down to the relationship between the Lutheran community and the government.</p><p>The Amsterdam community had a role comparable to the Lutheran authority in other countries, so it was this congregation that could make decisions about the psalter to be used during church services. 52 Amsterdam's Lutheran church began to enjoy more religious freedom towards the middle of the seventeenth century, when Lutherans joined the city elite. These members not only went about their religious business quietly and without fuss, but also boasted international connections which were of importance for Amsterdam's trade and welfare. <ref type="bibr">53</ref> The States had no say about the choices made within the Lutheran community, however, so a privilege in a Lutheran psalter at first sight does not seem to have been motivated by the wish to have a psalter be prescribed for use in Lutheran church services. <ref type="bibr">54</ref> Indeed, in both Lutheran cases from my corpus, situated in Amsterdam, it appears that economic imperatives were important drivers of the request for privileges. Nevertheless, the privilege was part of creating a positive image of the psalm book.</p><p>The Lutheran lawyer and poet Arnout van Overbeke was in 1662 the first to request a privilege for a psalter meant for the Lutheran church in the Dutch Republic. <ref type="bibr">55</ref> As a lawyer, he must have been knowledgeable about the process of applying for a printing privilege. Van Overbeke was followed in 1688 by the Lutheran Jan van Duisberg (1639-1700?), who was not only responsible for revised psalm translations, but also for their printing and selling. <ref type="bibr">56</ref> He was an experienced bookseller and as such familiar with the system of privileges. Both psalmists did not present completely new translations in which they had made radical choices, but instead stayed close to Van Haecht's original in order to meet the wishes of these communities -communities that did not like change, as Van Overbeke noted in the foreword to his readers. <ref type="bibr">57</ref> Both Van Overbeke and Van Duisberg invested in the publication of their psalter themselves, which means the privilege likely functioned as a protection for their investment. Both psalmists aimed at dethroning Van Haecht, but only Van Duisberg succeeded. Whereas Van Overbeke's psalter was not used in church services and did not sell well as a consequence, Van Duisberg's psalter became the new standard, and would remain so until the last quarter of the eighteenth century. <ref type="bibr">58</ref> For Van Duisberg, this meant huge commercial success. <ref type="bibr">59</ref> The ambitions Van Overbeke had for his psalter are evident in his front matter. He opened with the privileges granted by the States-General and the States of Holland, each filling a full page, which were followed by a dedication to the powerful Amsterdam consistory. <ref type="bibr">60</ref> In this dedication he spoke plainly of the poor quality of Van Haecht's translation, presenting his work on a new translation as a sacrifice he had made for the wellbeing of the Lutheran community. His adaptation was, he wrote in the foreword, meant for 'the readers from our community'. In the dedication, Van Overbeke implied that his work was both approved by and made in collaboration with the ministers of his own church community, but there is no proof of any official approbation. One might wonder whether the prominence of the privilege in the front matter can be explained by its ability to distract readers from the absence of the approbation. It lends the publication an official appearance, which might have resonated when matters turned to the approving ministers. What is remarkable, however, is that Van Overbeke's request, as repeated in the States' resolution printed in the front matter, did not mention anything about the book's contents, their importance, or how it was to the liking of important people within the Lutheran church.</p><p>This was different in the case of Van Duisberg, who had invested heavily in making sure his psalter would garner official approval. He had published a partial psalter, dedicated to the Amsterdam congregation and a Rotterdam Lutheran minister who was his cousin, in 1680. In 1687 he offered his complete psalter to the Lutheran consistory and the negotiations concerning the approval and use of his psalter started. <ref type="bibr">61</ref> In the meantime, he requested the privilege. By the 1689 edition, Van Duisberg could include the official approbation. It immediately followed the privilege (from the States of Holland only), with which he opened his front matter, just like Van Overbeke. The text of the privilege is considerably longer than Van Overbeke's, however, and includes an elaborate explanation of the motivation behind the new translation, as well as references to the approbation (which was only made official after the granting of the privilege). Moreover, Van Duisberg had emphasised in his request that the Lutheran congregations had encouraged him to make this new psalter and had already promised to put it to use in their churches. The privilege as such could be regarded as a reinforcement of the approval of the religious authorities that follows.</p><p>In both Lutheran cases, the privilege, while possibly offering protection of the financial investments of the psalmists, intersected with the approval of the Lutheran church. While evidence is scarce in the case of Van Overbeke, it might be that he felt that the official touch of the privilege increased his chances of being taken seriously by both the congregation to 58 Estié, 'De psalmberijmingen', 75-76.  59 Van Duisberg in 1700 allowed other printers to publish a new edition of his psalm book, for which he received 150 guilders: Kleerkooper and Van Stockum, De boekhandel, i, 110-111.  60 For a period of time, privileges requested from the States-General were only accepted in the province of Holland when a so called attache was requested from the States of Holland (or another province, for that matter). This explains why in the front matter the privilege granted by the States-General is followed by an attache of the States of Holland. 61 Molhuysen and Blok (eds.), Nieuw Nederlandsch biografisch woordenboek, v, 143.</p><p>In the forewords to both parts, Oudaen referred to his network of liefhebbers (connoisseurs), consisting of fellow believers, poets, and other intellectuals, who knew he was working on the psalms and had already read some of his adaptations. These were probably drawn from the Collegiants to which Oudaen belonged himself, and with whom he worshipped regularly. <ref type="bibr">67</ref> Oudaen showed himself convinced by their encouragement that his psalter would be read and sung within this circle and, apparently aiming for no greater accolade, he did not include any formal or appraising elements in his front matter: no dedication, no laudatory poems, no privilege or approval.</p><p>The 1684 psalter published on the initiative of the Amsterdam Mennonite communities did come with a privilege, which was mentioned on the title page and copied in the first pages of the front matter. It was followed by a foreword signed by the Amsterdam Mennonite communities themselves. Indeed, the psalter was not published under Oudaen's name and it did not only include his psalms. Oudaen was asked to make adaptations of his earlier psalms in order to align them with Datheen: having the same number of verses and meter as Datheen's psalms made singing in church services easy. <ref type="bibr">68</ref> In some cases, the Amsterdam Mennonite church chose a psalm rhymed by someone else. This psalter was thus 'owned' by the church itself and did not require an approbation. The fact that the publishers requested a privilege might be regarded from this perspective: it lent the publication an air of authority, which seems to have become common practice for psalters intended for church use. At the same time, it must also be regarded as an attempt to protect the publishers' investment. In the request, copied in full in the front matter, they mention the expenses of the publication as the reason for the privilege, and since the publication was initiated by the church itself, sales must have been expected to be predictable.</p><p>The case of Oudaen's 1684 psalter suggests that in relation to the privilege system, there was a difference between psalters intended for church use, and psalters intended for home use: psalters intended for church use came with privileges. The only other psalter from my corpus explicitly not intended for church use -by Vlakveld, admittedly with a privilegewas published 'for the author' and was thus most probably requested to protect his own investment. <ref type="bibr">69</ref> Just like the Lutheran examples, the Mennonite cases show that by the end of the seventeenth century the request of privileges for psalters was not reserved for the public Reformed church, and that psalters intended for church use in other denominations also proudly presented their privileges on the title page and in the front matter. Unlike the Lutheran cases, however, there seems to have been less interaction between the privilege request and approval from the church. Had the privilege become a common element for psalters intended for church use? As psalters also appeared that were intended for church use without privilege (Halma, for example), this remains an open question. The last psalter to be discussed here, however, did come with a privilege and was meant for church use, and very ambitiously so.</p><p>67 See for example Van Slee, De Rijnsburger collegianten, 121-124.  68 See on the adaptations also Visser, 'Elke mennoniet zijn eigen lied', 125-126. 69 There is one other case which should be mentioned here: the psalms published by Tjaert Sonnema in 1661 (Sonnema, Basuin-klank). Sonnema focused on informal religious communities of both Reformed and Lutheran denomination. He requested a privilege but paid for the publication himself (it was printed 'for the author'). This publication was not included in the corpus because it is not a complete psalter.</p><p>A Privileged Psalter Bridging Differences: Ghysen's Collection, 1686   In 1686, the Amsterdam merchant Hendrik Ghysen (1633-1693) published Den Hoonig-raat der psalm-dichten, a collection of previously published psalms from the pens of seventeen different authors of various denominations. <ref type="bibr">70</ref> For each one of the 150 psalms, he either chose the best translation available or created a new one by selecting the most convincing parts from the published corpus. Where necessary, he adapted or improved on the published version so that they matched the number of verses in Datheen's version and the rhyme and language of the States Bible. Ghysen was cantor in the Amstel church, and his foreword stated explicitly that he had taken pains to prevent any psalm from retaining features that might have hindered their being sung in church. <ref type="bibr">71</ref> This was also highlighted on the title page, which noted that the psalms had been 'composed with the same meter and verses as is usual in the Dutch churches'. <ref type="bibr">72</ref> That he envisioned a formal role for his psalter during services is also evident in his references to earlier attempts at dethroning Datheen. He criticised the lack of an official commission for the making of a proper and universally acceptable psalter to replace Datheen. As he and many people around him felt they could no longer wait, Ghysen wrote, he had challenged himself to take up the task.</p><p>The front matter corresponds with this ambition. The privilege is more visible than in any of the other psalters discussed in this article. Not only is it mentioned below the frontispiece and once again on the title page, the first page of the book is blank except for four lines stating the book had a privilege for fifteen years, referring the reader directly to the following two pages which were taken up by the full text of the privilege. In the text, the printer-applicant emphasised Ghysen's efforts by describing his work in quite some detail. The text of the privilege was followed by a dedication to Nicolaas Witsen, one of the mayors of Amsterdam and Ghysen's patron, an elaborate foreword, and, last but not least, a series of laudatory poems written by poets and ministers of various religious backgrounds and differing levels of fame. <ref type="bibr">73</ref> Ghysen seems neither to have attempted to obtain any approbations nor did he formally present his psalter during synods or other religious congregations. Nevertheless, his psalter was well received and considered as an alternative to Datheen across the whole of the eighteenth century. That Ghysen did not seek official approbation for his psalter might have been the result of his ambition to replace Datheen not only within the Reformed church, but in other churches as well. A privilege, much like a dedication to a regent, served to confer official authority upon a publication without directly linking it to a particular church, and Ghysen and his bookseller perhaps regarded it as a better instrument for the promotion of his work than an approbation from a specific church community which ran the risk of alienating other such communities. Of course, the bookseller who had requested the privilege also hoped for some protection of his investment, given his expectation -which came true -that Ghysen's psalter would be a best-seller. </p></div>
<div xmlns="http://www.tei-c.org/ns/1.0"><head>Conclusion</head><p>From these different cases, we can conclude that privileges were vital tools with which authors and booksellers alike sought to manage their reputations and positions within ideological debates, as well as serving to protect their financial investments. Most importantly, however, privileges were part of the reputation management of the psalters themselves. As such, the psalmist's engagement in the system of printing privileges intersected with the pluralism of the Dutch religious landscape and was important for the development of religious identities in various churches and religious communities.</p><p>Over time, we see both the contexts of the privileged psalters as well as the backgrounds and ambitions of the applicants diversify. Whereas the first privileges were connected to the Dutch Revolt and the creation of a strong Reformed church in the emerging republic, later in the seventeenth century privileged psalters also became important within other churches, and privileges were even requested in support of a publication aiming at overcoming the differences between the various Protestant denominations in the Dutch Republic -psalms for all, as in Ghysen's case. Both psalters and privileges thus came to play a different role in the Dutch Republic over time, also beyond the Calvinist community. Although all applicants were religiously engaged to a certain extent, there is a notable difference between the psalmists of the first half of the century, who played leading roles in the Reformed church, and the psalmists of the second half of the century, whose ambitions were not only religious but also, or in some cases maybe even mainly, literary or commercial.</p><p>Still, it seems Marnix set the tone: psalmists and booksellers of psalters could have various reasons to apply for a privilege, and one of these might simply have been that it had become common practice. It may well have been a disadvantage for a psalter that was being pushed towards an official status within a church to have no privilege. The analysis of the rhetoric of requesting also hints at a trend: whereas requests generally did not elaborate on the details of the publications, psalmists' requests often do, focusing on either their unique selling-point (what made their psalm book an improvement?) or their embedding within specific church communities. Moreover, the emanation of the privilege as an approval mark by the States was intensified by the psalmists' detailed description of either their innovations or their support within the request. As the privilege was often part of the front matter, in which exactly the same arguments were developed, it not only lent the publication the authorising power of official recognition, it also reinforced these arguments as part of the representation of both the book and its maker. On the other hand, it could also function as a replacement for other official markers, such as approbations.</p><p>As the cases I presented all show a strong interconnection between the privilege and other parts of the front matter, future research should focus on front matter in a larger corpus, including all Dutch psalm books, not only the ones with a privilege. This would also allow to confirm my hypothesis that the privilege request was a trend within the genre: which instruments did other psalmists and printers of psalters use to make their books fulfil their ambitions, and how did the privilege relate to those? If one thing becomes clear from my analysis, it is that privileges were part of a toolbox available to psalmists and printers of psalters to manage their books' reputation, and as such they only rarely operated in a vacuum.</p></div><figure xmlns="http://www.tei-c.org/ns/1.0" xml:id="fig_0"><head>51</head><figDesc>Estié, 'De psalmberijmingen', 73-75. 52 Hiebsch, 'The Coming of Age', 18-19. 53 Hiebsch, 'Are the Netherlands', 71. 54 An interesting case of a privileged psalter (though not included in this article because printed before 1580 and outside the Dutch Republic) was Van Haecht's psalter, published in Antwerp in 1579: Van Haecht, De psalmen. The privilege was signed by Governor-General Matthias of Austria and the Council of van Brabant. I am grateful to Jeroen Vandommele for this reference. 55 na, SvH 1615, Resolution 6 March 1662. The psalter was published in 1663. 56 na, SvH 1640, Resolution 7 January 1688. 57 Van Overbeke, De Psalmen.</figDesc></figure>
<figure xmlns="http://www.tei-c.org/ns/1.0" xml:id="fig_1"><head>70</head><figDesc>Ghysen, Den Hoonig-raat. See on this work alsoRos, Davids soete lier, 196-200. 71 Ghysen, 'Den Hoonig-raat, 'Voor-reden'. 72 Ghysen, 'Den Hoonig-raat: 'Gestelt op Sangmaate en Afdeelinge, in de Nederlandsche Kerken gebruikelyk'. 73 On Witsen's patronage, see Peters, 'Nepotisme', 105-106.</figDesc></figure>
			<note xmlns="http://www.tei-c.org/ns/1.0" place="foot" n="1" xml:id="foot_0"><p>For a detailed description of the relationship between Bibles and the book trade, with privileges playing first violin, see De la Fontaine Verwey, 'Nederlandse drukkers';Van Eeghen, De Amsterdamse boekhandel, v, </p></note>
			<note xmlns="http://www.tei-c.org/ns/1.0" place="foot" n="226" xml:id="foot_1"><p>See alsoPettegree and Der Weduwen, The Bookshop,[125][126][127][128][129][130] 2 De la Fontaine Verwey, 'Nederlandse drukkers', 84.</p></note>
			<note xmlns="http://www.tei-c.org/ns/1.0" place="foot" n="3" xml:id="foot_2"><p>See the introduction to this special issue for an overview of scholarship on printing privileges in the Dutch Republic.</p></note>
			<note xmlns="http://www.tei-c.org/ns/1.0" place="foot" n="4" xml:id="foot_3"><p>Buning, 'Privileging the Common Good'; Orenstein, 'Sleeping caps'; Squassina, 'Authors'. See also the introduction to this special issue.</p></note>
			<note xmlns="http://www.tei-c.org/ns/1.0" place="foot" n="5" xml:id="foot_4"><p>For a general introduction to the psalms, see Ros, Davids soete lier.</p></note>
			<note xmlns="http://www.tei-c.org/ns/1.0" place="foot" n="6" xml:id="foot_5"><p>Kooi, Reformation,[83][84][85][86][87][88][89][90][91][92][93][94][95] Van de Haar, The Golden Mean, Pollmann, ' "Hey ho" '.   </p></note>
			<note xmlns="http://www.tei-c.org/ns/1.0" place="foot" n="7" xml:id="foot_6"><p>Ros, Davids soete lier. On the formats, seePettegree and Der Weduwen, The Bookshop,[130][131] 238.   </p></note>
			<note xmlns="http://www.tei-c.org/ns/1.0" place="foot" n="8" xml:id="foot_7"><p>During the seventeenth century, it became standard to publish psalms without musical notation: Pettegree and Der Weduwen, The Bookshop, 235.</p></note>
			<note xmlns="http://www.tei-c.org/ns/1.0" place="foot" n="13" xml:id="foot_8"><p>For the costs of requests, seeVan Eeghen, De Amsterdamse boekhandel, v,[222][223] Hoftijzer, 'Nederlandse  boekverkopersprivileges', 58. On the resistance of the booksellers, seeVan Eeghen, De Amsterdamse boekhandel,  v,[20][21] 213; Schriks, Het kopijrecht,[87][88] 133, 135. We can assume there were more requests than privileges being granted.Van Eeghen, De Amsterdamse boekhandel, 214, mentions some of these, which are known because of disputes that arose, but we lack the sources to systematically study such rejections.</p></note>
			<note xmlns="http://www.tei-c.org/ns/1.0" place="foot" n="14" xml:id="foot_9"><p>Knetsch, 'Driemaal', 149.   </p></note>
			<note xmlns="http://www.tei-c.org/ns/1.0" place="foot" n="15" xml:id="foot_10"><p>Ros, Davids soete lier, 78-81.</p></note>
			<note xmlns="http://www.tei-c.org/ns/1.0" place="foot" n="16" xml:id="foot_11"><p>Knetsch, 'Driemaal',[157][158] </p></note>
			<note xmlns="http://www.tei-c.org/ns/1.0" place="foot" n="17" xml:id="foot_12"><p>De Brune's psalter did not sell well, it seems, because in 1662 a title issue of the work was published (meaning that the first issue of 1644 was not sold out yet by then): Verkruijsse, 'Vier gangen', 10. The same was true for Vlakveld's psalter, of which a title issue appeared in 1706:Ros, Davids soete lier, 194.   </p></note>
			<note xmlns="http://www.tei-c.org/ns/1.0" place="foot" n="18" xml:id="foot_13"><p>Heijting, 'Het gereformeerde psalmboek', 163; Pettegree and Der Weduwen, The Bookshop, 131.</p></note>
			<note xmlns="http://www.tei-c.org/ns/1.0" place="foot" n="24" xml:id="foot_14"><p>na, SvH 14, Resolution 24 September 1579, fols. 229-230.</p></note>
			<note xmlns="http://www.tei-c.org/ns/1.0" place="foot" n="25" xml:id="foot_15"><p>Van Toorenenbergen, 'De psalmberijming'; Heijting, 'Het gereformeerde psalmboek', 170; Ros, Davids soete lier, 102-106. On Marnix and Vulcanius, see alsoTodd, 'Politics', 32.   </p></note>
			<note xmlns="http://www.tei-c.org/ns/1.0" place="foot" n="26" xml:id="foot_16"><p>On Marnix's rhymed translation in relation to Datheen and Utenhove, see Vande Haar, The Golden Mean, Todd, 'Politics', 30.   </p></note>
			<note xmlns="http://www.tei-c.org/ns/1.0" place="foot" n="27" xml:id="foot_17"><p>Todd, 'Politics', 39; Knetsch, 'Driemaal,[154][155] </p></note>
			<note xmlns="http://www.tei-c.org/ns/1.0" place="foot" n="28" xml:id="foot_18"><p>Ros, Davids soete lier, 102.</p></note>
			<note xmlns="http://www.tei-c.org/ns/1.0" place="foot" n="29" xml:id="foot_19"><p>Marnix, Het boeck (1580), 'Waerschouwinge aen den Christelijken leser'; 'ghemeynen man'. See alsoRos,  Davids soete lier, 102.   </p></note>
			<note xmlns="http://www.tei-c.org/ns/1.0" place="foot" n="30" xml:id="foot_20"><p>na, SvH 15, Resolution 15 July 1580, fol. 131.</p></note>
			<note xmlns="http://www.tei-c.org/ns/1.0" place="foot" n="31" xml:id="foot_21"><p>On the power play, seeHeijting, 'Het gereformeerde psalmboek',[171][172][173][174][175] Knetsch, 'Driemaal',[154][155]; Van de Haar, The Golden Mean, 228; Van Toorenenbergen, 'De psalmberijming'.</p></note>
		</body>
		<back>

			<div type="funding">
<div><p>Her expertise is in seventeenth-century Dutch literature, and her research focuses on authorship, women's writing, patronage, hack writing, and social poetry. In 2021, she received a <rs type="grantName">Tiele Fellowship</rs> to study authorial engagement in the system of printing privileges. Her recent publications include '<rs type="programName">Economic Advancement and Reputation Strategies. Seventeenth-century Dutch Women Writing for Profit'</rs> , <rs type="person">Renaissance Studies</rs> (<rs type="grantNumber">2020</rs>) and '<rs type="projectName">Literair auteurs als aanvragers van boekverkopersprivileges in de Republiek</rs>' , <rs type="funder">Jaarboek voor Nederlandse Boekgeschiedenis</rs> (<rs type="grantNumber">2024</rs>).</p></div>
			</div>
			<listOrg type="funding">
				<org type="funded-project" xml:id="_Vcyz6Qz">
					<idno type="grant-number">2020</idno>
					<orgName type="grant-name">Tiele Fellowship</orgName>
					<orgName type="project" subtype="full">Literair auteurs als aanvragers van boekverkopersprivileges in de Republiek</orgName>
					<orgName type="program" subtype="full">Economic Advancement and Reputation Strategies. Seventeenth-century Dutch Women Writing for Profit&apos;</orgName>
				</org>
				<org type="funding" xml:id="_rqWqRuD">
					<idno type="grant-number">2024</idno>
				</org>
			</listOrg>
			<div type="annex">
<div xmlns="http://www.tei-c.org/ns/1.0"><p>which he dedicated his psalter, as well as in the Lutheran community at large. In the case of Van Duisberg, it is very clear that he used the (hoped-for) approval of the church as an argument in the privilege request, while reinforcing the official appearance of his book by including the privilege in the front matter. Although one would maybe not expect it in the context of anything other than the public church, it seems that in the Lutheran cases the association with political approval that came with the privileges interacted with religious approval in much the same manner.</p><p>Privileged Psalters in the Mennonite Church: Oudaens's Psalters, 1680-1684   Psalms were less important for Mennonites than other Protestants. This traditionally pacifist confession felt uncomfortable with the psalms because they were part of the Old Testament and as such thematised violence, war, and revenge. <ref type="bibr">62</ref> Only later in the seventeenth century would they adopt the Reformed use of psalm-singing in church services, albeit not as much enthusiastically as other Protestants. <ref type="bibr" target="#b1">63</ref> At first the Mennonites simply used Datheen, but in the end they longed for their own version of the psalms. The Mennonite church in Amsterdam, comprising various communities, thus commissioned Joachim Oudaen (1628-1692) to adapt the psalms for church singing. <ref type="bibr" target="#b2">64</ref> Oudaen, a tiler by profession, was a deacon of the Mennonite community in Rotterdam, but above all a pious Christian and renowned poet, who had already published a psalter some years before. A comparison of the front matter of Oudaen's psalters, the first completed on his own initiative, the second commissioned, allows us to analyse the role of printing privileges in Mennonite psalm publications.</p><p>Oudaen's own psalter was published in Rotterdam in two parts, in 1680 and 1681. <ref type="bibr" target="#b3">65</ref> Since he did not intend the psalms to be sung in church services, Oudaen felt free to elaborate on the text. For the first book of seventy-five psalms, he collaborated with a musician, the Middelburg organist and bookseller Remigius Schrijver (?-1681), who provided them with polyphonic musical adaptations. In the foreword to the first part, Oudaen explained that people around him had motivated him to publish his psalms in parts, since they could wait no longer to read and sing them all. Oudaen further reflected on his innovations and stated that he did not bother to stay close to his predecessors, in language nor music, since his psalms would not be used for church services. Without mentioning names, he refers to the many failed attempts to dethrone Datheen: notwithstanding their quality, approval, and support, these had never really been considered. <ref type="bibr" target="#b4">66</ref> The second part appeared soon after the first, in 1681, and did not include musical annotations, the consequence of a disagreement between poet and musician, as Oudaen wrote in his short foreword.</p></div>			</div>
			<div type="references">

				<listBibl>

<biblStruct xml:id="b0">
	<monogr>
		<title level="m" type="main">Elke mennoniet zijn eigen lied</title>
		<author>
			<persName><surname>Visser</surname></persName>
		</author>
		<imprint>
			<biblScope unit="page">115</biblScope>
		</imprint>
	</monogr>
</biblStruct>

<biblStruct xml:id="b1">
	<monogr>
		<title level="m" type="main">Elke mennoniet zijn eigen lied</title>
		<author>
			<persName><surname>Visser</surname></persName>
		</author>
		<imprint>
			<biblScope unit="page">120</biblScope>
		</imprint>
	</monogr>
</biblStruct>

<biblStruct xml:id="b2">
	<monogr>
		<title level="m" type="main">Elke mennoniet zijn eigen lied</title>
		<author>
			<persName><surname>Visser</surname></persName>
		</author>
		<imprint>
			<biblScope unit="page" from="125" to="126" />
		</imprint>
	</monogr>
</biblStruct>

<biblStruct xml:id="b3">
	<monogr>
		<title level="m" type="main">Uyt-breyding. See for both these psalters with psalms rhymed by Oudaen also Ros, Davids soete lier</title>
		<author>
			<persName><surname>Oudaen</surname></persName>
		</author>
		<imprint>
			<biblScope unit="page" from="187" to="192" />
		</imprint>
	</monogr>
</biblStruct>

<biblStruct xml:id="b4">
	<analytic>
		<title level="a" type="main">Bibliography Archival Sources The Hague, Nationaal Archief (hereafter na), States-General 156, Resolutions</title>
		<author>
			<persName><forename type="first">Uyt-Breyding</forename><surname>Oudaen</surname></persName>
		</author>
		<author>
			<persName><forename type="first">I</forename></persName>
		</author>
	</analytic>
	<monogr>
		<title level="m">Resolutions, 1579-1580. na, SvH 1614-1615 Resolutions</title>
		<imprint>
			<publisher>Resolutions</publisher>
			<date type="published" when="1630">January-March 1661. na, sg 12304, Resolutions, 1630-1635. na, sg 12313</date>
			<biblScope unit="page" from="1688" to="1689" />
		</imprint>
	</monogr>
	<note>SvH 1640, Resolutions</note>
</biblStruct>

<biblStruct xml:id="b5">
	<monogr>
		<title/>
		<author>
			<persName><forename type="first">Literature</forename><surname>Secondary</surname></persName>
		</author>
		<author>
			<persName><surname>Boey</surname></persName>
		</author>
		<author>
			<persName><surname>Cornelis</surname></persName>
		</author>
		<author>
			<persName><forename type="first">Psalmen</forename><surname>Cl</surname></persName>
		</author>
		<author>
			<persName><surname>Davids</surname></persName>
		</author>
		<imprint>
			<date type="published" when="1648">1648</date>
			<publisher>Matthijs Wagens</publisher>
			<pubPlace>Rotterdam</pubPlace>
		</imprint>
	</monogr>
</biblStruct>

<biblStruct xml:id="b6">
	<analytic>
		<title level="a" type="main">Privileging the Common Good. The Moral Economy of Printing Privileges in the Seventeenth-Century Dutch Republic</title>
		<author>
			<persName><forename type="first">Marius</forename><surname>Buning</surname></persName>
		</author>
	</analytic>
	<monogr>
		<title level="m">Buying and Selling. The Business of Books in Early Modern Europe</title>
		<editor>
			<persName><forename type="first">Shanti</forename><surname>Graheli</surname></persName>
		</editor>
		<meeting><address><addrLine>Leiden</addrLine></address></meeting>
		<imprint>
			<date type="published" when="2019">2019</date>
			<biblScope unit="page" from="88" to="108" />
		</imprint>
	</monogr>
</biblStruct>

<biblStruct xml:id="b7">
	<monogr>
		<title level="m" type="main">The Making of a Patent System in the Dutch Republic</title>
		<author>
			<persName><forename type="first">Marius</forename><surname>Buning</surname></persName>
		</author>
		<author>
			<persName><surname>Knowledge</surname></persName>
		</author>
		<author>
			<persName><surname>Patents</surname></persName>
		</author>
		<author>
			<persName><surname>Power</surname></persName>
		</author>
		<editor>Brune, Johan de, De CL. Davids Psalmen</editor>
		<imprint>
			<date type="published" when="1644">2022. 1644</date>
			<publisher>Zacharias and Michiel Roman</publisher>
			<pubPlace>Leiden; Middelburg</pubPlace>
		</imprint>
	</monogr>
</biblStruct>

<biblStruct xml:id="b8">
	<monogr>
		<title/>
		<author>
			<persName><forename type="first">Isabella</forename><surname>Eeghen</surname></persName>
		</author>
		<author>
			<persName><forename type="first">De</forename><surname>Henriëtte Van</surname></persName>
		</author>
		<imprint>
			<date type="published" when="1680">Amsterdamse boekhandel 1680-1725, 5 vols. 1978</date>
			<pubPlace>Amsterdam</pubPlace>
		</imprint>
	</monogr>
</biblStruct>

<biblStruct xml:id="b9">
	<analytic>
		<title level="a" type="main">De psalmberijmingen van de Nederlandse lutherse gemeenten</title>
		<author>
			<persName><forename type="first">Paul</forename><surname>Estié</surname></persName>
		</author>
	</analytic>
	<monogr>
		<title level="m">Psalmzingen in de Nederlanden van de zestiende eeuw tot heden</title>
		<editor>
			<persName><forename type="first">Jan</forename><surname>De</surname></persName>
		</editor>
		<editor>
			<persName><forename type="first">Bruijn</forename></persName>
		</editor>
		<editor>
			<persName><forename type="first">Willem</forename><surname>Heijting</surname></persName>
		</editor>
		<meeting><address><addrLine>Kampen</addrLine></address></meeting>
		<imprint>
			<date type="published" when="1991">1991</date>
			<biblScope unit="page" from="67" to="86" />
		</imprint>
	</monogr>
</biblStruct>

<biblStruct xml:id="b10">
	<analytic>
		<title level="a" type="main">De Nederlandse drukkers en de Bijbel</title>
		<author>
			<persName><forename type="first">Fontaine</forename><surname>Verwey</surname></persName>
		</author>
		<author>
			<persName><forename type="first">Herman</forename><surname>De</surname></persName>
		</author>
		<author>
			<persName><forename type="first">La</forename></persName>
		</author>
	</analytic>
	<monogr>
		<title level="m">Uit de wereld van het boek, 4 vols</title>
		<editor>
			<persName><forename type="first">Herman</forename><surname>De</surname></persName>
		</editor>
		<editor>
			<persName><forename type="first">La</forename><forename type="middle">Fontaine</forename><surname>Verwey</surname></persName>
		</editor>
		<meeting><address><addrLine>Amsterdam</addrLine></address></meeting>
		<imprint>
			<date type="published" when="1975">1975-1997</date>
			<biblScope unit="volume">II</biblScope>
			<biblScope unit="page" from="77" to="102" />
		</imprint>
	</monogr>
</biblStruct>

<biblStruct xml:id="b11">
	<analytic>
		<title level="a" type="main">Literair auteurs als aanvragers van boekverkopersprivileges in de Republiek. Reputaties en verdiensten</title>
		<author>
			<persName><forename type="first">Nina</forename><surname>Geerdink</surname></persName>
		</author>
	</analytic>
	<monogr>
		<title level="j">Jaarboek voor Nederlandse Boekgeschiedenis</title>
		<imprint>
			<biblScope unit="volume">31</biblScope>
			<biblScope unit="page" from="190" to="213" />
			<date type="published" when="2024">2024</date>
		</imprint>
	</monogr>
</biblStruct>

<biblStruct xml:id="b12">
	<monogr>
		<author>
			<persName><forename type="first">Hendrik</forename><surname>Ghysen</surname></persName>
		</author>
		<title level="m">Den Hoonig-raat der psalm-dichten ofte Davids Psalmen</title>
		<meeting><address><addrLine>Amsterdam</addrLine></address></meeting>
		<imprint>
			<publisher>Gerard Borstius</publisher>
			<date type="published" when="1686">1686</date>
		</imprint>
	</monogr>
</biblStruct>

<biblStruct xml:id="b13">
	<analytic>
		<title level="a" type="main">The Dutch Republic, an Island of Liberty of the Press in 17 th Century Europe? The Authorities and the Book Trade</title>
		<author>
			<persName><forename type="first">Simon</forename><surname>Groenveld</surname></persName>
		</author>
	</analytic>
	<monogr>
		<title level="m">Commercium Litterarium. Forms of Communication in the Republic of Letters 1600-1750</title>
		<editor>
			<persName><forename type="first">Hans</forename><surname>Bots</surname></persName>
		</editor>
		<editor>
			<persName><forename type="first">Francoise</forename><surname>Waquet</surname></persName>
		</editor>
		<meeting><address><addrLine>Amsterdam/Maarssen</addrLine></address></meeting>
		<imprint>
			<date type="published" when="1994">1994</date>
			<biblScope unit="page" from="281" to="300" />
		</imprint>
	</monogr>
</biblStruct>

<biblStruct xml:id="b14">
	<monogr>
		<title level="m" type="main">The Golden Mean of Languages. Forging Dutch and French in the Early modern Low Countries</title>
		<author>
			<persName><forename type="first">Alisa</forename><surname>Haar</surname></persName>
		</author>
		<author>
			<persName><surname>Van De</surname></persName>
		</author>
		<imprint>
			<date type="published" when="2019">2019</date>
			<pubPlace>Leiden</pubPlace>
		</imprint>
	</monogr>
</biblStruct>

<biblStruct xml:id="b15">
	<monogr>
		<author>
			<persName><forename type="first">Willem</forename><forename type="middle">I</forename><surname>Haecht</surname></persName>
		</author>
		<author>
			<persName><surname>Van</surname></persName>
		</author>
		<author>
			<persName><surname>De Psalmen Davids</surname></persName>
		</author>
		<title level="m">Nederduytschen dichte gestelt (Antwerp: Aernout&apos;s Conincx</title>
		<imprint>
			<date type="published" when="1579">1579</date>
		</imprint>
	</monogr>
</biblStruct>

<biblStruct xml:id="b16">
	<analytic>
		<title level="a" type="main">Het gereformeerde psalmboek en het boekenbedrijf</title>
		<author>
			<persName><forename type="first">W</forename><surname>Heijting</surname></persName>
		</author>
	</analytic>
	<monogr>
		<title level="m">Psalmzingen in de Nederlanden van de zestiende eeuw tot heden</title>
		<editor>
			<persName><forename type="first">Jan</forename><surname>De</surname></persName>
		</editor>
		<editor>
			<persName><forename type="first">Bruijn</forename></persName>
		</editor>
		<editor>
			<persName><forename type="first">Willem</forename><surname>Heijting</surname></persName>
		</editor>
		<meeting><address><addrLine>Kampen</addrLine></address></meeting>
		<imprint>
			<date type="published" when="1991">1991</date>
			<biblScope unit="page" from="163" to="184" />
		</imprint>
	</monogr>
</biblStruct>

<biblStruct xml:id="b17">
	<analytic>
		<title level="a" type="main">The Coming of Age of the Lutheran Congregation in Early Modern Amsterdam</title>
		<author>
			<persName><forename type="first">Sabine</forename><surname>Hiebsch</surname></persName>
		</author>
	</analytic>
	<monogr>
		<title level="j">Journal of Early Modern Christianity</title>
		<imprint>
			<biblScope unit="volume">3</biblScope>
			<biblScope unit="page" from="1" to="29" />
			<date type="published" when="2016">2016</date>
		</imprint>
	</monogr>
</biblStruct>

<biblStruct xml:id="b18">
	<analytic>
		<title level="a" type="main">Are the Netherlands a Nordic Country? Reflections on Understanding the Lutheran Tradition in the Netherlands</title>
		<author>
			<persName><forename type="first">Sabine</forename><surname>Hiebsch</surname></persName>
		</author>
	</analytic>
	<monogr>
		<title level="j">Nordlit: Tidsskrift i litteratur og kultur</title>
		<imprint>
			<biblScope unit="volume">43</biblScope>
			<biblScope unit="page" from="68" to="86" />
			<date type="published" when="2019">2019</date>
		</imprint>
	</monogr>
</biblStruct>

<biblStruct xml:id="b19">
	<analytic>
		<title level="a" type="main">Boekverkopersprivileges in de achttiende eeuw</title>
		<author>
			<persName><forename type="first">Paul</forename><surname>Hoftijzer</surname></persName>
		</author>
	</analytic>
	<monogr>
		<title level="j">De Achttiende Eeuw</title>
		<imprint>
			<biblScope unit="volume">22</biblScope>
			<biblScope unit="page" from="159" to="180" />
			<date type="published" when="1990">1990</date>
		</imprint>
	</monogr>
</biblStruct>

<biblStruct xml:id="b20">
	<monogr>
		<title level="m" type="main">De zeis in andermans koren. Over nadruk in Nederland tijdens de Republiek</title>
		<author>
			<persName><forename type="first">Paul</forename><surname>Hoftijzer</surname></persName>
		</author>
		<imprint>
			<date type="published" when="1993">1993</date>
			<pubPlace>Amsterdam</pubPlace>
		</imprint>
	</monogr>
</biblStruct>

<biblStruct xml:id="b21">
	<analytic>
		<title level="a" type="main">Nederlandse boekverkopersprivileges in de zeventiende en achttiende eeuw</title>
		<author>
			<persName><forename type="first">Paul</forename><surname>Hoftijzer</surname></persName>
		</author>
	</analytic>
	<monogr>
		<title level="j">Jaarboek van het Nederlands genootschap van Bibliofielen</title>
		<imprint>
			<biblScope unit="volume">2</biblScope>
			<biblScope unit="page" from="49" to="62" />
			<date type="published" when="1994">1994</date>
		</imprint>
	</monogr>
</biblStruct>

<biblStruct xml:id="b22">
	<analytic>
		<title level="a" type="main">A sickle unto thy neighbour&apos;s corn. Book piracy in the Dutch Republic</title>
		<author>
			<persName><forename type="first">Paul</forename><surname>Hoftijzer</surname></persName>
		</author>
	</analytic>
	<monogr>
		<title level="j">Quaerendo</title>
		<imprint>
			<biblScope unit="volume">23</biblScope>
			<biblScope unit="page" from="3" to="18" />
			<date type="published" when="1997">1997</date>
		</imprint>
	</monogr>
</biblStruct>

<biblStruct xml:id="b23">
	<analytic>
		<title level="a" type="main">Privilèges de librairie dans les anciens Pays-Bas</title>
		<author>
			<persName><forename type="first">Paul</forename><surname>Hoftijzer</surname></persName>
		</author>
	</analytic>
	<monogr>
		<title level="m">Privilèges de librairie dans les anciens Pays-Bas, XVIe-XVIIe siècles</title>
		<editor>
			<persName><forename type="first">Edwige</forename><surname>Keller-Rahbé</surname></persName>
		</editor>
		<meeting><address><addrLine>Paris</addrLine></address></meeting>
		<imprint>
			<date type="published" when="2017">2017</date>
			<biblScope unit="page" from="425" to="441" />
		</imprint>
	</monogr>
</biblStruct>

<biblStruct xml:id="b24">
	<monogr>
		<author>
			<persName><forename type="first">Klaas</forename><surname>Hoogendoorn</surname></persName>
		</author>
		<title level="m">Bibliography of the Exact Sciences in the Low Countries from ca. 1470 to the Golden Age</title>
		<meeting><address><addrLine>Leiden</addrLine></address></meeting>
		<imprint>
			<date type="published" when="1700">1700. 2018</date>
		</imprint>
	</monogr>
</biblStruct>

<biblStruct xml:id="b25">
	<analytic>
		<title level="a" type="main">Anthonis de</title>
		<author>
			<persName><surname>Hubert</surname></persName>
		</author>
	</analytic>
	<monogr>
		<title level="s">De Psalmen des Propheeten Davids</title>
		<imprint>
			<date type="published" when="1624">1624</date>
			<publisher>Pieter Muller</publisher>
			<pubPlace>Leiden</pubPlace>
		</imprint>
	</monogr>
</biblStruct>

<biblStruct xml:id="b26">
	<monogr>
		<title level="m">Resolutiën der Staten-Generaal, van 1576 tot 1609</title>
		<editor>
			<persName><forename type="first">Nicolas</forename><surname>Japikse</surname></persName>
		</editor>
		<meeting><address><addrLine>The Hague</addrLine></address></meeting>
		<imprint>
			<date type="published" when="1915">1915-1970</date>
			<biblScope unit="volume">14</biblScope>
		</imprint>
	</monogr>
</biblStruct>

<biblStruct xml:id="b27">
	<monogr>
		<title level="m" type="main">Boeken in de Hofstad. Haagse boekcultuur in de Gouden Eeuw</title>
		<author>
			<persName><forename type="first">Marika</forename><surname>Keblusek</surname></persName>
		</author>
		<imprint>
			<date type="published" when="1997">1997</date>
			<pubPlace>Hilversum</pubPlace>
		</imprint>
	</monogr>
</biblStruct>

<biblStruct xml:id="b28">
	<monogr>
		<author>
			<persName><forename type="first">M</forename><forename type="middle">M</forename><surname>Kleerkooper</surname></persName>
		</author>
		<author>
			<persName><forename type="first">W</forename><forename type="middle">P</forename><surname>Van Stockum</surname></persName>
		</author>
		<title level="m">De boekhandel te Amsterdam</title>
		<imprint/>
	</monogr>
	<note>2 vols. (The Hague 1914-1916</note>
</biblStruct>

<biblStruct xml:id="b29">
	<analytic>
		<title level="a" type="main">Driemaal is scheepsrecht. De invoering van nieuwe psalmberijmingen in het gereformeerd protestantisme in Nederland</title>
		<author>
			<persName><forename type="first">F</forename><forename type="middle">R J</forename><surname>Knetsch</surname></persName>
		</author>
	</analytic>
	<monogr>
		<title level="m">Psalmzingen in de Nederlanden van de zestiende eeuw tot heden</title>
		<editor>
			<persName><forename type="first">Jan</forename><surname>De</surname></persName>
		</editor>
		<editor>
			<persName><forename type="first">Bruijn</forename></persName>
		</editor>
		<editor>
			<persName><forename type="first">Willem</forename><surname>Heijting</surname></persName>
		</editor>
		<meeting><address><addrLine>Kampen</addrLine></address></meeting>
		<imprint>
			<date type="published" when="1991">1991</date>
			<biblScope unit="page" from="149" to="162" />
		</imprint>
	</monogr>
</biblStruct>

<biblStruct xml:id="b30">
	<monogr>
		<author>
			<persName><forename type="first">Christine</forename><surname>Kooi</surname></persName>
		</author>
		<title level="m">Reformation in the Low Countries, 1500-1620</title>
		<meeting><address><addrLine>Cambridge</addrLine></address></meeting>
		<imprint>
			<date type="published" when="2022">2022</date>
		</imprint>
	</monogr>
</biblStruct>

<biblStruct xml:id="b31">
	<monogr>
		<title level="m" type="main">censuur en indexen in de Zuidelijke Nederlanden tot aan het begin van de 18de eeuw</title>
		<author>
			<persName><forename type="first">Jerome</forename><surname>Machiels</surname></persName>
		</author>
		<author>
			<persName><forename type="first">Privilegie</forename></persName>
		</author>
		<imprint>
			<date type="published" when="1997">1997</date>
			<pubPlace>Brussels</pubPlace>
		</imprint>
	</monogr>
</biblStruct>

<biblStruct xml:id="b32">
	<monogr>
		<author>
			<persName><surname>Van St</surname></persName>
		</author>
		<author>
			<persName><surname>Aldegonde</surname></persName>
		</author>
		<title level="m">Philips van, Het boeck der Psalmen Davids</title>
		<meeting><address><addrLine>Antwerp</addrLine></address></meeting>
		<imprint>
			<publisher>Gillis van den Rade</publisher>
			<date type="published" when="1580">1580</date>
		</imprint>
	</monogr>
</biblStruct>

<biblStruct xml:id="b33">
	<monogr>
		<author>
			<persName><surname>Van St</surname></persName>
		</author>
		<author>
			<persName><surname>Aldegonde</surname></persName>
		</author>
		<author>
			<persName><surname>Philips Van</surname></persName>
		</author>
		<title level="m">Marnix van St. Aldegonde, Philips van, De CL psalmen Davids</title>
		<meeting><address><addrLine>Middelburg; Leiden</addrLine></address></meeting>
		<imprint>
			<publisher>Louis Elsevier</publisher>
			<date type="published" when="1591">1591. 1617</date>
		</imprint>
	</monogr>
	<note>Het boeck der Psalmen</note>
</biblStruct>

<biblStruct xml:id="b34">
	<monogr>
		<title level="m">Nieuw Nederlandsch biografisch woordenboek</title>
		<editor>
			<persName><forename type="first">P</forename><forename type="middle">C</forename><surname>Molhuysen</surname></persName>
		</editor>
		<editor>
			<persName><forename type="first">P</forename><forename type="middle">J</forename><surname>Blok</surname></persName>
		</editor>
		<meeting><address><addrLine>Leiden</addrLine></address></meeting>
		<imprint>
			<date type="published" when="1911">1911-1937</date>
			<biblScope unit="volume">10</biblScope>
		</imprint>
	</monogr>
</biblStruct>

<biblStruct xml:id="b35">
	<analytic>
		<title level="a" type="main">Privileges for prints in the Dutch Republic, 1580-1650</title>
		<author>
			<persName><forename type="first">Nadine</forename><surname>Orenstein</surname></persName>
		</author>
	</analytic>
	<monogr>
		<title level="m">His Milieu. Essays on Netherlandish Art in Memory of John Michael Montias</title>
		<editor>
			<persName><forename type="first">Amy</forename><surname>Golahny</surname></persName>
		</editor>
		<editor>
			<persName><forename type="first">Mia</forename><forename type="middle">M</forename><surname>Mochizuki</surname></persName>
		</editor>
		<editor>
			<persName><forename type="first">Lisa</forename><surname>Vergara</surname></persName>
		</editor>
		<meeting><address><addrLine>Amsterdam</addrLine></address></meeting>
		<imprint>
			<date type="published" when="2006">2006</date>
			<biblScope unit="page" from="313" to="346" />
		</imprint>
	</monogr>
	<note>Sleeping caps, city views and state funerals</note>
</biblStruct>

<biblStruct xml:id="b36">
	<monogr>
		<author>
			<persName><forename type="first">Joachim</forename><surname>Oudaen</surname></persName>
		</author>
		<title level="m">Uyt-breyding over het boek der Psalmen</title>
		<meeting><address><addrLine>Rotterdam</addrLine></address></meeting>
		<imprint>
			<publisher>Pieter Terwout</publisher>
			<biblScope unit="volume">2</biblScope>
			<biblScope unit="page" from="1680" to="1681" />
		</imprint>
	</monogr>
</biblStruct>

<biblStruct xml:id="b37">
	<monogr>
		<author>
			<persName><forename type="first">Arnout</forename><surname>Overbeke</surname></persName>
		</author>
		<author>
			<persName><surname>Van</surname></persName>
		</author>
		<author>
			<persName><forename type="first">Psalmen</forename><surname>De</surname></persName>
		</author>
		<author>
			<persName><surname>Davids</surname></persName>
		</author>
		<title level="m">Borrit Jansz. Smit, 1663)</title>
		<meeting><address><addrLine>Amsterdam</addrLine></address></meeting>
		<imprint/>
	</monogr>
</biblStruct>

<biblStruct xml:id="b38">
	<analytic>
		<title level="a" type="main">Nepotisme, patronage en boekopdrachten bij Nicolaes Witsen (1641-1717), burgemeester van Amsterdam</title>
		<author>
			<persName><forename type="first">Marion</forename><surname>Peters</surname></persName>
		</author>
	</analytic>
	<monogr>
		<title level="j">Lias</title>
		<imprint>
			<biblScope unit="volume">25</biblScope>
			<biblScope unit="page" from="83" to="134" />
			<date type="published" when="1998">1998</date>
		</imprint>
	</monogr>
</biblStruct>

<biblStruct xml:id="b39">
	<monogr>
		<title level="m" type="main">The Bookshop of the World. Making and Trading Books in the Dutch Golden Age</title>
		<author>
			<persName><forename type="first">Andrew</forename><surname>Pettegree</surname></persName>
		</author>
		<author>
			<persName><forename type="first">Der</forename><surname>Weduwen</surname></persName>
		</author>
		<author>
			<persName><forename type="first">Arthur</forename></persName>
		</author>
		<imprint>
			<date type="published" when="2019">2019</date>
			<pubPlace>New Haven</pubPlace>
		</imprint>
	</monogr>
</biblStruct>

<biblStruct xml:id="b40">
	<analytic>
		<title level="a" type="main">Hey ho, let the cup go round!&quot; Singing for Reformation</title>
		<author>
			<persName><forename type="first">Judith</forename><surname>Pollmann</surname></persName>
		</author>
	</analytic>
	<monogr>
		<title level="m">Cultural exchange in early modern Europe</title>
		<editor>
			<persName><forename type="first">Heinz</forename><surname>Schilling</surname></persName>
		</editor>
		<editor>
			<persName><forename type="first">István</forename><surname>György</surname></persName>
		</editor>
		<editor>
			<persName><forename type="first">Tóth</forename></persName>
		</editor>
		<meeting><address><addrLine>Cambridge</addrLine></address></meeting>
		<imprint>
			<date type="published" when="2006">2006</date>
			<biblScope unit="page" from="294" to="316" />
		</imprint>
	</monogr>
</biblStruct>

<biblStruct xml:id="b41">
	<monogr>
		<title level="m" type="main">Een nieuw vaderland voor de muzen. Geschiedenis van de Neder landse literatuur</title>
		<author>
			<persName><forename type="first">Karel</forename><surname>Porteman</surname></persName>
		</author>
		<author>
			<persName><forename type="first">B</forename><surname>Mieke</surname></persName>
		</author>
		<author>
			<persName><surname>Smits-Veldt</surname></persName>
		</author>
		<imprint>
			<date type="published" when="2008">2008</date>
			<biblScope unit="page" from="1560" to="1700" />
			<pubPlace>Amsterdam</pubPlace>
		</imprint>
	</monogr>
</biblStruct>

<biblStruct xml:id="b42">
	<analytic>
		<title level="a" type="main">Davids soete lier. Vijf eeuwen Nederlandse psalmberijmingen</title>
		<author>
			<persName><forename type="first">Adrianus</forename><surname>Ros</surname></persName>
		</author>
	</analytic>
	<monogr>
		<title level="m">Schriks, Chris, Het kopijrecht. 16de tot 19de eeuw</title>
		<meeting><address><addrLine>Zutphen</addrLine></address></meeting>
		<imprint>
			<date type="published" when="2004">Apeldoorn 2010. 2004</date>
		</imprint>
	</monogr>
</biblStruct>

<biblStruct xml:id="b43">
	<monogr>
		<title level="m" type="main">Jacobus Cornelis van, De Rijnsburger collegianten</title>
		<author>
			<persName><surname>Slee</surname></persName>
		</author>
		<imprint>
			<date type="published" when="1980">1980</date>
			<pubPlace>Utrecht</pubPlace>
		</imprint>
	</monogr>
</biblStruct>

<biblStruct xml:id="b44">
	<monogr>
		<author>
			<persName><forename type="first">Tjaert</forename><surname>Sonnema</surname></persName>
		</author>
		<title level="m">Basuin-klank vervatende eenige uitgelesen Psalmen Davids (Amsterdam: Paulus Matthysz 1661)</title>
		<imprint/>
	</monogr>
</biblStruct>

<biblStruct xml:id="b45">
	<analytic>
		<title level="a" type="main">Authors and the System of Publishers&apos; Privileges in Venice (1469-1545)</title>
		<author>
			<persName><forename type="first">Erika</forename><surname>Squassina</surname></persName>
		</author>
	</analytic>
	<monogr>
		<title level="j">Gutenberg-Jahrbuch</title>
		<imprint>
			<biblScope unit="volume">91</biblScope>
			<biblScope unit="page" from="42" to="74" />
			<date type="published" when="2016">2016</date>
		</imprint>
	</monogr>
</biblStruct>

<biblStruct xml:id="b46">
	<analytic>
		<title level="a" type="main">Politics Versus Poetics. The Granting of the Privilege of Marnix&apos; Revised Vernacular Psalm Translation of 1591 to Vulcanius</title>
		<author>
			<persName><forename type="first">Richard</forename><surname>Todd</surname></persName>
		</author>
	</analytic>
	<monogr>
		<title level="m">The Great Emporium. The Low Countries as a Cultural Crossroads in the Renaissance and the Eighteenth Century</title>
		<editor>
			<persName><forename type="first">Cedric</forename><surname>Charles</surname></persName>
		</editor>
		<editor>
			<persName><forename type="first">Barfoot</forename></persName>
		</editor>
		<editor>
			<persName><forename type="first">Richard</forename><surname>Todd</surname></persName>
		</editor>
		<meeting><address><addrLine>Amsterdam</addrLine></address></meeting>
		<imprint>
			<date type="published" when="1992">1992</date>
			<biblScope unit="page" from="29" to="42" />
		</imprint>
	</monogr>
</biblStruct>

<biblStruct xml:id="b47">
	<analytic>
		<title level="a" type="main">De psalmberijming van Ph. Van Marnix door de boekhandelaars met succes belaagd en door de Nationale Synode van 1586 zonder succes tot kerkelijk gebruik aangenomen</title>
		<author>
			<persName><forename type="first">Johan</forename><surname>Toorenenbergen</surname></persName>
		</author>
		<author>
			<persName><surname>Justus Van</surname></persName>
		</author>
	</analytic>
	<monogr>
		<title level="j">Archief voor Nederlandse kerkgeschiedenis</title>
		<imprint>
			<biblScope unit="volume">1</biblScope>
			<biblScope unit="page" from="131" to="132" />
			<date type="published" when="1885">1885</date>
		</imprint>
	</monogr>
</biblStruct>

<biblStruct xml:id="b48">
	<analytic>
		<title level="a" type="main">Vier gangen en twee toetjes. De drukgeschiedenis van</title>
		<author>
			<persName><forename type="first">Piet</forename><surname>Verkruijsse</surname></persName>
		</author>
	</analytic>
	<monogr>
		<title level="m">Een Zeeuws literator en staatsman uit de zeventiende eeuw</title>
		<editor>
			<persName><forename type="first">Piet</forename><surname>Verkruijsse</surname></persName>
		</editor>
		<meeting><address><addrLine>Middelburg</addrLine></address></meeting>
		<imprint>
			<date type="published" when="1990">1990</date>
			<biblScope unit="page" from="8" to="13" />
		</imprint>
	</monogr>
	<note>Johan de Brune de Oude</note>
</biblStruct>

<biblStruct xml:id="b49">
	<analytic>
		<title level="a" type="main">Elke mennoniet zijn eigen lied, of: voor het zingen de kerk uit? Een korte inleiding tot de doperse liedtraditie</title>
		<author>
			<persName><forename type="first">Piet</forename><surname>Visser</surname></persName>
		</author>
	</analytic>
	<monogr>
		<title level="m">Illustere dissenters. Aspecten van de positie der Nederlandse Lutheranen en Doopsgezinden</title>
		<editor>
			<persName><forename type="first">Alle</forename><surname>Hoekema</surname></persName>
		</editor>
		<editor>
			<persName><forename type="first">Sonny</forename><surname>Hof</surname></persName>
		</editor>
		<meeting><address><addrLine>Zoetermeer</addrLine></address></meeting>
		<imprint>
			<date type="published" when="1996">1996</date>
			<biblScope unit="page" from="113" to="141" />
		</imprint>
	</monogr>
</biblStruct>

<biblStruct xml:id="b50">
	<monogr>
		<title level="m" type="main">Uit de geschiedenis der Nederlandsche spraakkunst. Grammatische stukken van De Hubert, Ampzing, Statenvertalers en reviseurs</title>
		<author>
			<persName><forename type="first">Frederik</forename><surname>Zwaan</surname></persName>
		</author>
		<author>
			<persName><surname>Lodewijk</surname></persName>
		</author>
		<imprint>
			<date type="published" when="1939">1939</date>
			<pubPlace>Groningen/Batavia</pubPlace>
		</imprint>
	</monogr>
	<note type="report_type">en Hooft</note>
</biblStruct>

				</listBibl>
			</div>
		</back>
	</text>
</TEI>
