<?xml version="1.0" encoding="UTF-8"?>
<TEI xml:space="preserve" xmlns="http://www.tei-c.org/ns/1.0" 
xmlns:xsi="http://www.w3.org/2001/XMLSchema-instance" 
xsi:schemaLocation="http://www.tei-c.org/ns/1.0 https://raw.githubusercontent.com/kermitt2/grobid/master/grobid-home/schemas/xsd/Grobid.xsd"
 xmlns:xlink="http://www.w3.org/1999/xlink">
	<teiHeader xml:lang="en">
		<fileDesc>
			<titleStmt>
				<title level="a" type="main">Digital Twin -Assisted Lightpath Provisioning and Nonlinear Mitigation in C+L+S Multiband Optical Networks</title>
			</titleStmt>
			<publicationStmt>
				<publisher/>
				<availability status="unknown"><licence/></availability>
			</publicationStmt>
			<sourceDesc>
				<biblStruct>
					<analytic>
						<author>
							<persName><forename type="first">S</forename><surname>Ghasrizadeh</surname></persName>
							<affiliation key="aff0">
								<orgName type="department">Advanced Broadband Communications Center (CCABA)</orgName>
								<orgName type="institution">Universitat Politècnica de Catalunya (UPC)</orgName>
								<address>
									<postCode>08034</postCode>
									<settlement>Barcelona</settlement>
									<country key="ES">Spain</country>
								</address>
							</affiliation>
						</author>
						<author>
							<persName><forename type="first">P</forename><surname>Khare</surname></persName>
							<affiliation key="aff0">
								<orgName type="department">Advanced Broadband Communications Center (CCABA)</orgName>
								<orgName type="institution">Universitat Politècnica de Catalunya (UPC)</orgName>
								<address>
									<postCode>08034</postCode>
									<settlement>Barcelona</settlement>
									<country key="ES">Spain</country>
								</address>
							</affiliation>
						</author>
						<author>
							<persName><forename type="first">N</forename><surname>Costa</surname></persName>
							<affiliation key="aff1">
								<orgName type="institution">Infinera Unipessoal Lda</orgName>
								<address>
									<postCode>2790-078</postCode>
									<settlement>Carnaxide</settlement>
									<country>Portugal;</country>
								</address>
							</affiliation>
						</author>
						<author>
							<persName><forename type="first">M</forename><surname>Ruiz</surname></persName>
							<affiliation key="aff0">
								<orgName type="department">Advanced Broadband Communications Center (CCABA)</orgName>
								<orgName type="institution">Universitat Politècnica de Catalunya (UPC)</orgName>
								<address>
									<postCode>08034</postCode>
									<settlement>Barcelona</settlement>
									<country key="ES">Spain</country>
								</address>
							</affiliation>
						</author>
						<author>
							<persName><forename type="first">A</forename><surname>Napoli</surname></persName>
							<affiliation key="aff2">
								<orgName type="department">Infinera</orgName>
								<address>
									<postCode>81541</postCode>
									<settlement>Munich</settlement>
									<country>Germany;</country>
								</address>
							</affiliation>
						</author>
						<author>
							<persName><forename type="first">J</forename><surname>Pedro</surname></persName>
							<affiliation key="aff1">
								<orgName type="institution">Infinera Unipessoal Lda</orgName>
								<address>
									<postCode>2790-078</postCode>
									<settlement>Carnaxide</settlement>
									<country>Portugal;</country>
								</address>
							</affiliation>
							<affiliation key="aff3">
								<orgName type="institution" key="instit1">Instituto de Telecomunicações</orgName>
								<orgName type="institution" key="instit2">Instituto Superior Técnico</orgName>
								<address>
									<postCode>1049-001</postCode>
									<settlement>Lisbon</settlement>
									<country key="PT">Portugal</country>
								</address>
							</affiliation>
						</author>
						<author role="corresp">
							<persName><forename type="first">L</forename><surname>Velasco</surname></persName>
							<email>luis.velasco@upc.edu</email>
							<affiliation key="aff0">
								<orgName type="department">Advanced Broadband Communications Center (CCABA)</orgName>
								<orgName type="institution">Universitat Politècnica de Catalunya (UPC)</orgName>
								<address>
									<postCode>08034</postCode>
									<settlement>Barcelona</settlement>
									<country key="ES">Spain</country>
								</address>
							</affiliation>
						</author>
						<title level="a" type="main">Digital Twin -Assisted Lightpath Provisioning and Nonlinear Mitigation in C+L+S Multiband Optical Networks</title>
					</analytic>
					<monogr>
						<imprint>
							<date/>
						</imprint>
					</monogr>
					<idno type="MD5">5621DA1B02BBF164FC9BBBA358ED87CF</idno>
				</biblStruct>
			</sourceDesc>
		</fileDesc>
		<encodingDesc>
			<appInfo>
				<application version="0.8.2-SNAPSHOT" ident="GROBID" when="2025-02-20T16:44+0000">
					<desc>GROBID - A machine learning software for extracting information from scholarly documents</desc>
					<ref target="https://github.com/kermitt2/grobid"/>
				</application>
			</appInfo>
		</encodingDesc>
		<profileDesc>
			<textClass>
				<keywords>
					<term>Multiband optical transmission</term>
					<term>Digital twin</term>
					<term>Quality of transmission</term>
					<term>Service provisioning</term>
					<term>Nonlinear mitigation</term>
				</keywords>
			</textClass>
			<abstract>
<div xmlns="http://www.tei-c.org/ns/1.0"><p>Multiband (MB) optical transmission targets increasing the capacity of operators' optical transport networks. However, the nonlinear impairments (NLI) affect each optical channel in the C+L+S bands differently, and therefore, the routing and spectrum assignment (RSA) problem needs to be complemented with fast and accurate tools to consider the quality of transmission (QoT) within the provisioning process. This paper proposes a digital twin-assisted approach for lightpath provisioning to provide a complete solution for the RSA problem that ensures the required QoT in MB optical networks. The OCATA time domain digital twin is proposed, not only to estimate QoT of a selected path but also support the QoTbased channel assignment process. OCATA is based on Deep Neural Network (DNN) to model the propagation of the optical signal. However, because of the different impact of nonlinear noise on each channel and the large number of channels that need to be considered in C+L+S MB scenarios, OCATA needs to be adapted to make it scalable, while keeping its high accuracy and fast QoT estimation characteristics. In consequence, a complete methodology is proposed in this work that limits the number of channels being modeled to just a few. Moreover, OCATA-MB helps to mitigate NLI noise by programming the receiver at the provisioning time and thus with very little complexity compared to its equivalent implemented during operation. NLI noise mitigation can be applied in the case a lightpath cannot be provisioned because none of the available channels can provide the required QoT, making it an advantageous tool for reducing connection blocking. Exhaustive simulation results demonstrate the remarkable accuracy of OCATA-MB in estimating the QoT for any channel. Interestingly, by utilizing the proposed OCATA-MB -assisted lightpath provisioning approach, a reduction of the blocking ratio exceeding 50% when compared to traditional approaches is shown when NLI noise mitigation is not applied. If NLI mitigation is implemented, an additional over 50% blocking reduction is achieved.</p></div>
			</abstract>
		</profileDesc>
	</teiHeader>
	<text xml:lang="en">
		<body>
<div xmlns="http://www.tei-c.org/ns/1.0"><head n="1.">Introduction</head><p>Optical transport networks play a vital role to cope with the ever-increasing capacity demand fostered by the beyond 5G (B5G) technology. To address future network demands and emerging B5G services, the ITU-T has recently launched a focus group to study the capabilities of networks and establish a road map toward year 2030 <ref type="bibr" target="#b0">[1]</ref>. In this regard, multiband (MB) optical networks are seen as a solution to extend legacy optical networks capacity <ref type="bibr" target="#b1">[2]</ref>. The authors in <ref type="bibr" target="#b2">[3]</ref> analyzed the expected traffic demand to be supported as a result of combining well-known mass market services with foreseen B5G services scenarios and showed that MB will be required at all network segments. However, the adoption of MB optical transmission requires dealing with a phenomenon that increases nonlinear impairments (NLI), the Inter-channel Stimulated Raman Scattering (ISRS) <ref type="bibr" target="#b3">[4]</ref>. Several studies have analyzed and assessed the increment of capacity achievable by using other bands, e.g., the S band, in addition to the traditional C and L ones, from the perspective of the line system <ref type="bibr" target="#b4">[5]</ref>. However, in addition to the pure optical transmission, the provisioning of optical connections needs to be reviewed also to actually achieve the expected capacity increase.</p><p>Traditionally, the provisioning of optical connections entails solving the Routing and Spectrum Allocation (RSA) problem <ref type="bibr" target="#b5">[6]</ref>, which can be complemented by considering the Quality of Transmission (QoT) of the computed route and spectral allocation before accepting the connection request (see, e.g., <ref type="bibr" target="#b6">[7]</ref><ref type="bibr" target="#b8">[8]</ref><ref type="bibr" target="#b9">[9]</ref><ref type="bibr" target="#b10">[10]</ref>). The estimation of the QoT has been thoroughly investigated and several techniques have been proposed, e.g., based on the Gaussian Noise model <ref type="bibr" target="#b11">[11,</ref><ref type="bibr" target="#b12">12]</ref>. However, the larger impact of the ISRS effect on MB transmission and the large number of signals being transmitted increase the complexity of estimating the QoT. This is turns demands solutions that can provide similar accuracy but at lower computational complexity <ref type="bibr" target="#b13">[13,</ref><ref type="bibr" target="#b14">14]</ref>.</p><p>Due to the high complexity and the limited time available for the QoT estimation during the provisioning phase, the application of Machine Learning (ML) techniques <ref type="bibr" target="#b15">[15]</ref> can provide significant advantages <ref type="bibr" target="#b16">[16]</ref>. In addition, ML models can be used to construct a Digital Twin (DT) of the optical network <ref type="bibr" target="#b17">[17]</ref>. In fact, the use of a DT is seen as an essential tool for network automation and zero-touch networking. The authors in <ref type="bibr" target="#b18">[18]</ref><ref type="bibr" target="#b19">[19]</ref><ref type="bibr" target="#b20">[20]</ref><ref type="bibr" target="#b21">[21]</ref> proposed OCATA, a DT for optical time domain based on the application of Deep Neural Networks (DNN) modeling optical components and experimentally showed that it can be used as a reliable and low-complex approach for accurately estimating the QoT, specifically the pre-Forward Error Correction (FEC) Bit Error Rate (BER), of an optical connection.</p><p>The main drawback to use ML techniques is the availability of large datasets for training the models. This is especially important in the case of training DNNs. In the case of optical transmission, the datasets can be generated from experiments and from simulation. However, few experimental data are available for MB optical transmission, and simulation tools require long running time to produce data as a result of the large number of channels that need to be simulated. For that very reason, the authors in <ref type="bibr" target="#b22">[22]</ref> proposed a method for solving the generalized nonlinear Schrödinger equation that runs much faster than the traditional split-step Fourier method, thus providing an efficient and accurate method for large training dataset generation.</p><p>In addition to QoT estimation, the recent advancement in Digital Signal Processing (DSP) and coherent-detection make it possible to configure the optical transponders to operate with different sets of transmission parameters, named operational modes, including the modulation format (MF), symbol rate (SR), FEC, etc., <ref type="bibr" target="#b23">[23]</ref>. The authors in <ref type="bibr" target="#b24">[24]</ref> proposed a complete workflow for connection provisioning that includes the selection of the operational mode that better fits the candidate lightpath. This, however, can result in the set-up of several lightpaths that together provide the required capacity <ref type="bibr" target="#b25">[25]</ref>. Some other works in the literature have proposed nonlinear mitigation techniques to improve the QoT by adapting the detection areas in the receiver (Rx) using ML techniques (see e.g., <ref type="bibr" target="#b26">[26]</ref>). Such approaches are difficult to implement in practice, since the algorithms need to run in the DSP itself.</p><p>In our previous paper <ref type="bibr" target="#b27">[27]</ref>, we proposed using the OCATA DT to accurately estimate the pre-FEC BER of the different channels during lightpath provisioning, as well as to mitigate the NLI noise in the Rx by optimizing the detection areas of the in-phase (I) and quadrature (Q) constellation points of higherorder quadrature amplitude modulation (QAM) optical signals. Note that the proposed nonlinear mitigation is computed at provisioning time, so the DSP uses the optimized detection areas as a simple map.</p><p>In this paper, we extend <ref type="bibr" target="#b27">[27]</ref> and present a complete methodology to adapt OCATA for MB optical transmission and provide the needed support to the RSA algorithm in charge of the selection of a route and a channel assignment running in the software defined networking (SDN) controller. Specifically, the contributions of this paper are:</p><p>• The OCATA-MB methodology sketched in Section 2, which enables the application of digital twining solutions for accurate, fast and scalable QoT estimation and nonlinear mitigation. Such applications allow the DT to be part of the lightpath provisioning process in the SDN controller, in particular for channel assignment. • The models and algorithmic approaches to implement the OCATA-MB methodology and the online MB-RSA described in Section 3. The proposed algorithms include: i) the selection of the reference channels to be used for DNN link modeling within OCATA-MB; ii) the composition of the features for non-reference channels from those of the reference ones; iii) the computation of optimal detection areas to implement nonlinear mitigation in the Rx; and iv) the general OCATA-assisted on-line MB-RSA algorithm for lightpath provisioning and the OCATA-based channel selection.</p><p>The discussion is supported by the exhaustive simulation results presented in Section 4. Finally, Section 5, concludes the paper.</p></div>
<div xmlns="http://www.tei-c.org/ns/1.0"><head n="2.">Provisioning MB Optical Connections</head><p>Lightpath provisioning is one of the most important problems that needs to be addressed to automate network operation. Lightpath provisioning includes the selection of a route and a channel assignment to ensure that the required QoT, e.g., in terms of pre-FEC BER, is met. In case that the required QoT cannot be assured, the lightpath request is rejected, i.e., blocked.</p><p>In this section, we first present the MB scenario considered in this paper and provide observations that will be used afterwards for improving lightpath provisioning. Next, OCATA time domain digital twin is introduced as it includes precise models trained for different channels. To facilitate its application in MB optical transmission, a specific methodology is proposed. Finally, OCATA-MB is proposed as a method to mitigate the impact of the ISRS effect. Because OCATA can generate the expected optical constellations for an optical connection and a channel assignment, such expected signal can be used to instruct the DSP in the Rx side, which can improve the QoT of the lightpath.</p></div>
<div xmlns="http://www.tei-c.org/ns/1.0"><head>A. Considered MB Scenario and Channel Performance</head><p>Fig. <ref type="figure" target="#fig_0">1a</ref> shows the considered MB scenario where a set of MB optical transponders (TPs) are available in sites A and B and can work in the different bands. The signals generated by the Txs are multiplexed and transmitted along the optical fiber, where MB Optical Amplifiers (OA) are employing, with the optical amplification structure consisting in using one OA per band, e.g., Erbium-Doped Fiber Amplifiers (EDFA) for the C and L bands and Thulium-Doped Fiber Amplifier (TDFA) for the S band, together with waveband (de)multiplexers. As already introduced, by transferring power from higher to lower frequencies, the ISRS effect increases the impact of fiber nonlinearities, which impact the QoT of optical connections using the different channels in a nonidentical manner. To illustrate such differentiated QoT, Fig. <ref type="figure" target="#fig_0">1b</ref> shows the pre-FEC BER that an optical connection using a given route on the optical network would experience when the different channels are used. Two routes (R1 and R2) are considered with different total lengths, being R2 longer than R1.</p><p>In general, we observe that the channels in the S band experience higher BER for the same route and therefore, they can support shorter optical connections, as compared with the channels in the C and L bands that can support longer connections. In view of the above, one approach for channel assignment could be to select channels in the C or L bands, as they are more versatile. However, this approach will result in the faster exhaustion of C and L bands, so new medium to long reach connection requests would get blocked with higher probability. Another approach could be to find the channel that results in a BER that is high but under the threshold; e.g., channel ch1 in the S band is selected over route R1 in Fig. <ref type="figure" target="#fig_0">1b</ref>. This has the potential to minimize the probability that new optical connections are blocked. The main drawbacks of this approach are: 1) the QoT has to be estimated for all the available channels along the route, which can require long computation time depending on the method used for such estimation; and 2) it might happen that any available channel can provide a BER under the threshold, so the connection request is blocked; e.g., in R2, channel ch2 in the C band provides the best BER but that is above the threshold.</p><p>In the remaining of this section, we propose solutions to implement the second approach, i.e., to find the optimal channel assignment for a given route in an efficient way, as well as to devise mitigation methods to improve the QoT of those optical connections with channel assignments providing poor QoT that would otherwise be blocked.</p></div>
<div xmlns="http://www.tei-c.org/ns/1.0"><head>B. OCATA for MB Optical Transmission</head><p>The classical OCATA architecture for C-band <ref type="bibr" target="#b18">[18]</ref><ref type="bibr" target="#b19">[19]</ref><ref type="bibr" target="#b20">[20]</ref> (see Fig. <ref type="figure" target="#fig_1">2a</ref>) considers DNN models that are independent of the specific channel; a reference channel (RCh) in the middle of the C-band is considered. Incoming optical signals generated using modulation format m-QAM are processed in the time domain. Therefore, incoming in-phase (I) and quadrature (Q) optical constellation with m distinct constellation points (CP) are processed. Specifically, an input IQ optical constellation (X) consist of a set of symbols x∈X, where each x=[x I , x Q ] belongs to a CP. A features extraction (FeX) module finds features for each CP of the received signal by applying Gaussian mixture model (GMM) fitting <ref type="bibr" target="#b28">[28]</ref>, which characterizes the CP as a set of bivariate Gaussian distributions. The output of the FeX module is a set of features Y, which contains 5 features for each CP, i.e., Y i =(𝜇 I , 𝜇 Q , 𝜎 I , 𝜎 Q , 𝜎 IQ ) i is the vector of features for CP i, where 𝜇 I and 𝜇 Q represent the mean position for i over I and Q axes, respectively, 𝜎 I and 𝜎 Q are the variance of i over the axes and 𝜎 IQ is the covariance between the axes. It is worth noting that the dispersion of symbols that belong to a certain CP provides valuable insight of the level of noise affecting the signal, both linear (LI) and NLI noise. As the total noise increases, the dispersion of the symbols also increases. The FeX module is followed by a set of DNNs modeling the propagation of the signal on the optical components in the route of the lightpath. DNNs are pre-trained for the RCh, so the concatenated DNN representing the signal propagation can be very quickly composed by selecting individual DNN models from a repository. Such propagation increases the LI and NLI noise resulting in higher values for 𝜎 I and 𝜎 Q at the output of the DNNs, which can be related to QoT-related indicators like pre-FEC BER and SNR <ref type="bibr" target="#b20">[20]</ref>. For scalability reasons, the DNN models consider the propagation of the features for a subset of selected CPs only (selCP). Precisely, two exterior and two interior CPs were selected in <ref type="bibr" target="#b19">[19]</ref> and, from them, a Constellation Reconstruction block reconstructs the features for the non-propagated CPs with high accuracy, i.e.,</p><formula xml:id="formula_0">𝑌 𝑖 = 𝐹 𝑖 ([𝑌 𝑗 , ∀𝑗 ∈ 𝑠𝑒𝑙𝐶𝑃]) ∀𝑖 ∈ 𝐶𝑃<label>(1)</label></formula><p>The constellation reconstruction block can be implemented as a DNN that takes as input propagated features [Y j , ∀j ∈ selCP] and outputs non-propagated features, as proposed in <ref type="bibr" target="#b19">[19]</ref>. The OCATA architecture for the C-band, however, is difficult to use directly in MB scenarios since the ISRS impacts the channels differently and therefore the number of pretrained DNN models in the repository will be too high. Because of scalability reasons, the architecture of novel OCATA MB (see Fig. <ref type="figure" target="#fig_1">2b</ref>) considers a few RChs representing the specifics of different areas in the spectrum. Because OCATA models CP features propagation, the RChs are selected based on the different behavior of such features for selected CPs. To decide which channels become RChs, a RCh Selection procedure fairly selects them making a balance between the complexity of the models and the accuracy of the final results. However, the target channel is not necessarily one of the selected RChs. Therefore, OCATA MB includes the Feature Composition block to estimate the CP features for any channel in the C+L+S bands based on the output of the DNN models propagating the features of the RChs. The output of the Feature Composition block can then be used for QoT estimation as in the classical OCATA architecture <ref type="bibr" target="#b18">[18]</ref><ref type="bibr" target="#b19">[19]</ref><ref type="bibr" target="#b20">[20]</ref>. Note that the Constellation Reconstruction block is fed with the target channel to improve its accuracy in MB optical transmission.</p></div>
<div xmlns="http://www.tei-c.org/ns/1.0"><head>Constellation</head></div>
<div xmlns="http://www.tei-c.org/ns/1.0"><head>C. QoT Estimation and Nonlinear Noise Mitigation</head><p>The set of basic features introduced above can be extended. One parameter that can be computed from the basic features is Φ i out <ref type="bibr" target="#b20">[20]</ref>, which computes the probability of receiving a symbol originally sent as part of CP i, out of the detection area assigned to that CP, represented as A i . Φ i out is computed under the assumption that dispersion of symbols around CP i follows the bivariate Gaussian distribution characterized by Y i . For the sake of clarity, Fig. <ref type="figure">3a</ref> reproduces from <ref type="bibr" target="#b20">[20]</ref> an example of Φ i out for CP <ref type="bibr">[-3+3i</ref>]. The contours represent the different levels of the bi-variate Gaussian distribution that characterize this CP for a given lightpath; univariate marginal distributions are provided for both I and Q axes. The area highlighted in red in both bi-variate and marginal distributions represent the region that falls out of A i , i.e., the square delimited by vertices (-4+4i) and (-2+2i). Hence, Φ i out was formally defined as follows:</p><formula xml:id="formula_1">Φ 𝑜𝑢𝑡 𝑖 = 1 -ϕ 𝐴 (𝑖) (2) ϕ 𝐴 (𝑖) = 𝑃 (𝑥 ⊂ 𝐴 𝑖 |𝑥~𝑁(𝑌 𝑖 ))<label>(3)</label></formula><p>Note that the estimated pre-FEC BER can be computed based on Φ i out for all the CPs, e.g., assuming equal probability of the symbols.</p><formula xml:id="formula_2">Φout µ I µ Q -4 -2 2i 4i -3 3i σ I σ Q σ 2σ 3σ µ I µ Q -4 -2 2i 4i -3 3i σ I σ Q σ 2σ 3σ Detection Area (A i ) (a) (b) Optimal Detection Area (A i )</formula><p>Fig. <ref type="figure">3</ref>. Example of Φ i out feature and regular (a) (reproduced from <ref type="bibr" target="#b20">[20]</ref>) and optimized (b) detection area for CP i= <ref type="bibr">[-3, 3]</ref>.</p><p>In view of eq. ( <ref type="formula">2</ref>) and ( <ref type="formula" target="#formula_1">3</ref>), the higher the ϕA(i) the lower the pre-FEC BER will be. Therefore, a way to improve the QoT is by increasing ϕA(i), which works for NLI noise mitigation. That can be implemented by changing the shape of A i in the Rx. To illustrate that, Fig. <ref type="figure">3b</ref> shows an adapted detection area for CP i. After modifying the detection area for this CP, the portion of red shaded area is decreased and as a result, Φ i out reduces. However, finding the optimal A i for every CP so that the total Φout, i.e., not only that for CP, is minimized is a complex task. Hence, algorithmic solutions for computing a set of near-optimal detection areas in a reasonable time frame are required. By reducing the pre-FEC BER at the Rx, the reach of the lightpath can be extended; consequently, channel assignments that resulted in pre-FEC BER threshold violations and would be rejected, can now be possibly accepted. Note that the optimal A i for every CP are computed by OCATA MB as part of the provisioning process and a map is generated to be easily used by the Rx.</p></div>
<div xmlns="http://www.tei-c.org/ns/1.0"><head>D. Lightpath Provisioning</head><p>Armed with the ability of estimating the QoT for different channel assignments in an efficient way, as well as with the possibility to improve the QoT of the signal by mitigating NLI noise, a DT-assisted MB-RSA algorithm that selects the path and the channel during lightpath provisioning can be devised. A simple flowchart is presented in Fig. <ref type="figure" target="#fig_2">4</ref>.</p><p>The procedure starts after receiving a request specifying the source and destination nodes and the required capacity. A MF and SR are selected to provide the required capacity, which determines the maximum pre-FEC BER that needs to be ensured. At this point, the procedure can be extended to consider multiple combinations of MF/SR, as well as multiple parallel lightpaths that provide the required capacity. Nonetheless, for the sake of simplicity, let us assume that just one lightpath with the best combination of MF/SR is considered, so k shortest paths between source and destination nodes with available channels are computed.</p><p>The procedure now iterates until a feasible solution is found or, otherwise, the request is blocked. A set of available channels in the given route is computed. Then, the algorithm: i) determines whether there are available channels that can provide the required QoT given the characteristics of the route, specifically the total number of spans and their length; ii) if some channel can meet the required QoT, then it finds the optimal channel assignment; iii) otherwise, it selects the best channel assignment among the available channels, computes the optimal areas to mitigate the NLI noise as much as possible and determines whether that solution would provide the required QoT.</p><p>Lightpath request &lt;src, dest, capacity&gt; Select m (and BERthr) that ensures capacity Compute k shortest paths P &lt;src, dest&gt; with available channels Is P={}? Block request YES NO Get and remove shortest path p from P Find ch with min BER A={default} BER(ch) ≤ BERthr? NO YES RSA found &lt;p, ch, A&gt; Find optimal detection areas A for &lt;p, ch&gt; BER(ch, A) ≤ BERthr? NO YES DT-assisted NLI noise mitigation DT-assisted MB-RSA The next section elaborates on the sketched OCATA-MB methodology and proposes algorithmic approaches.</p></div>
<div xmlns="http://www.tei-c.org/ns/1.0"><head n="3.">Models and Algorithms</head><p>This section first describes how the pre-training process is carried out in OCATA-MB, which includes a pre-computation phase and therefore, is independent of the provisioning process. The initial (and subsequent if needed) OCATA-MB set up might use data coming from different sources, including simulation, lab experiments and operational ones. From them, the pre-training process populates an internal database with DNN models for optical links with different characteristics in terms of length and number of spans. Because the DNN link models need to be specific for each channel, RChs are selected and models are pre-trained (following <ref type="bibr" target="#b18">[18]</ref><ref type="bibr" target="#b19">[19]</ref><ref type="bibr" target="#b20">[20]</ref>) only for those RChs hence, noticeably simplifying the pre-training process. The selected RChs are, as well, stored in an internal repository in OCATA-MB to be used during provisioning.</p><p>Next, the specific approach to be used during the provisioning process is presented. First, the features composition approach is presented. The proposed approach uses the features obtained after the features propagation process for the reference channels to estimate the features for a target channel, which is indeed a candidate for channel assignment. The procedure for the computation of optimal detection areas for NLI noise mitigation is proposed afterwards. Finally, our proposed OCATA-assisted MB-RSA algorithmic solution is described. Table <ref type="table" target="#tab_1">1</ref> presents the notation used. </p></div>
<div xmlns="http://www.tei-c.org/ns/1.0"><head>ϕA(i)</head><p>Probability that a symbol from CP i is received inside the detection area A i .</p><p>Φ i out Complementary probability of ϕA(i).</p></div>
<div xmlns="http://www.tei-c.org/ns/1.0"><head>φa(i)</head><p>Probability of a symbol from CP i is received inside the small square a ∈ A i .</p></div>
<div xmlns="http://www.tei-c.org/ns/1.0"><head>A. Selecting the Reference Channels</head><p>Let us first describe the selection of the set of RChs. It is worth noting that the 𝜎 I and 𝜎 Q features provide insights of the dispersion of the symbols around the mean of each CP. Therefore, we focus on analyzing these features to determine the smallest set of RChs that best represent the behavior of the complete set of channels in the spectrum.</p><p>The algorithm starts by retrieving a set of signal samples from the data repository, as well as the BER measured when those samples were obtained (line 1 in Algorithm 1). Next, features Y are computed using GMM fitting (line 2), which are subsequently filtered to select 𝜎 I and 𝜎 Q for the selected CPs (line 3).</p><p>The proposed approach relies on fitting piece-wise linear functions representing the behavior of the 𝜎 features. The cut-points of the function are then candidates to become reference channels. The pseudocode is presented in Algorithm 1, which receives the order of MF, the set of selected CPs, and the largest admissible distance for the considered network (in km). It is clear that having a large number of reference channels will provide better accuracy and simplify the subsequent feature composition, However, that will increase the complexity of the DNN model pre-training process, Therefore, we target at selecting just the smallest number of reference channels that provide good accuracy without adding excessive complexity to the features composition. In consequence, the algorithm analyzes the results of selecting a specific number of reference channels, which is increased until the desired accuracy is achieved (lines 4-11) or a maximum number of reference channels is exceeded (line 12). At every iteration, the algorithm fits each 𝜎 feature with the desired linear segments to obtain a list of cut-points, which are collected into a single set of candidate reference channels (lines 6-8). As fitting function in line 7, we selected a piece-wise linear approach, due to its low complexity, easiness of interpretability, and ability to find the cut-points that allow the highest accuracy with simple linear segments, which extols the high relevance of the selected cut-points.</p><p>When all the features have been processed, the set of candidate channels contains i clusters with possible reference points, so the next step (line 9) finds the centroid for each cluster, which are the candidate reference channels for this iteration. Then, the pre-FEC BER is estimated over these centroids (line 10) and compared with the real BER. In case the relative error is smaller than the target threshold, the candidates become the reference channels to be used and are returned (line 11). Otherwise, the process continues until the maximum admissible number of reference channels is reached (line 12).</p></div>
<div xmlns="http://www.tei-c.org/ns/1.0"><head>Algorithm 1. RCh Selection</head></div>
<div xmlns="http://www.tei-c.org/ns/1.0"><head>INPUT: m, selCP, dmax</head><p>OUTPUT: RCh</p><p>[X], BERsamples ← getSamples(dmax)</p><formula xml:id="formula_4">[Y] ← FeX([X]) [𝜎] ← filterFeatures([Y], selCP, [𝜎 I , 𝜎 Q ]) for each i in 1..MAX_RCh do RCh ←Ø for each 𝜎 in [𝜎] do cutPoints←fitPiecewiseLinearFunction(𝜎, i) RCh ← RCh U {cutPoints} cRCh←findCentroids(RCh, i) BERRC← computeBER([Y], cRCh)</formula><p>if relativeError(BERRCh, BERsamples) &lt; ε then return cRCh return Ø</p></div>
<div xmlns="http://www.tei-c.org/ns/1.0"><head>B. Feature Composition</head><p>The algorithm for feature composition uses the features of the two adjacent RChs to the target channel to linearly interpolate the features [Y i,ch ] for that channel.</p><p>Algorithm 2 presents the pseudocode that receives as input the target channel and the set of features for the reference channels after propagation. The algorithm first finds the adjacent reference channels to the target channel (line 1 in Algorithm 2). Next, the features of the adjacent reference channels are selected from the complete set of features and used for linear fitting for each individual feature (lines 2-4). Finally, the features of the target channel are calculated by interpolation and finally returned (lines 5-6).</p></div>
<div xmlns="http://www.tei-c.org/ns/1.0"><head>Algorithm 2. Feature Composition</head><formula xml:id="formula_5">INPUT: ch, [Y i,RCh ] OUTPUT: [Y i,ch ]<label>1: 2: 3: 4: 5:</label></formula><p>6:</p><formula xml:id="formula_6">lRCh, rRCh ←getAdjacentRChs(ch, [RCh]) [Y i,lRCh ] ←getRChFeatures(lRCh, [Y i,RCh ]) [Y i,rRCh ] ←getRChFeatures(rRCh, [Y i,RCh ]) [slope], [intercept] ← getLineSegments([Y i,lRCh ], [Y i,rRCh ]) [Y i,ch ] ← getFeaturesFromSegments(ch, [slope], [intercept]) return [Y i,ch ]</formula></div>
<div xmlns="http://www.tei-c.org/ns/1.0"><head>C. Nonlinear Noise Mitigation</head><p>The NLI noise mitigation by optimizing the detection areas in the Rx side is addressed in this section. The proposed method computes near-optimal detection areas for the CPs and estimates the resulting pre-FEC BER. The method is based on dividing the whole coordinate IQ plane (A) into k small square areas a to create a grid. Fig. <ref type="figure" target="#fig_3">5</ref> shows an example for a 16-QAM signal, where A is defined by corner points [5+5i] and [-5-5i]. The detection area for CP [3+3i] is shown as a set of small areas. Then, the probability of receiving a symbol originally transmitted in CP i can be defined as eq. ( <ref type="formula" target="#formula_7">4</ref>), which facilitates computing ΦA as eq. ( <ref type="formula" target="#formula_8">5</ref>).</p><p>φ 𝑎 (𝑖) = 𝑃(𝑥 ⊂ 𝑎|𝑥~𝑁(𝑌 𝑖 ))</p><formula xml:id="formula_7">ϕ 𝐴 (𝑖) = ∑ φ 𝑎 (𝑖) 𝑎∈𝐴 𝑖<label>(4)</label></formula><p>With these definitions, the proposed method consists in assigning each of the small areas a to the detection area A i of the CP i with the highest probability. Algorithm 3 shows the pseudocode of the algorithm that receives features Y, the coordinate plane A divided into small areas, and the number m of CPs in the signal, and computes a vector of detection areas [A i ], where each area defines a subset of small areas of the whole coordinate plane.</p></div>
<div xmlns="http://www.tei-c.org/ns/1.0"><head>Algorithm 3. Compute Detection Areas</head></div>
<div xmlns="http://www.tei-c.org/ns/1.0"><head>INPUT: Y, A, m</head><p>OUTPUT:</p><formula xml:id="formula_9">[A i ] 1:</formula><p>2:</p></div>
<div xmlns="http://www.tei-c.org/ns/1.0"><head>3:</head><p>4:</p><formula xml:id="formula_10">A i ← Ø,</formula><p>for each i:1..m for each a in A do a.i ← 0 a.maxProb ← 0 5: 6: 7: 8: 9: 10: for i: 1..m do if φ 𝑎 (𝑖) &gt; a.maxProb then a.maxProb ← φ 𝑎 (𝑖); see eq. ( <ref type="formula" target="#formula_7">4</ref>)</p><formula xml:id="formula_11">a.i ← i A a.i ← A a.i ∪ a return [A i ]</formula><p>Vector [A i ] is then transformed into matrix D, where every position in the matrix identifies the CP i for decoding the symbols detected in the related small area a. Matrix D is sent to the Rx as part of the lightpath provisioning phase, so the Rx can now easily decode every received symbol x using eq. ( <ref type="formula" target="#formula_12">6</ref>)- <ref type="bibr" target="#b8">(8)</ref>.</p><formula xml:id="formula_12">𝑐𝑜𝑙𝐼𝑑𝑥 = ⌊ 𝑥 𝐼 𝛿 ⌋ + √𝑘 2<label>(6)</label></formula><formula xml:id="formula_13">𝑟𝑜𝑤𝐼𝑑𝑥 = ⌊- 𝑥 𝑄 𝛿 ⌋ + √𝑘 2 (7) i = D[rowIdx][colIdx]<label>(8)</label></formula></div>
<div xmlns="http://www.tei-c.org/ns/1.0"><head>D. Lightpath Provisioning</head><p>This subsection proposes a heuristic algorithm to solve the on-line MB-RSA problem for lightpath provisioning. The pseudocode is presented in Algorithm 4. The heuristic receives a connected graph G, a connection request, and the interface to OCATA-MB. The graph G includes the set N with the optical nodes and the set E with the optical links connecting two nodes, where each link e specifies the status of the channels in every band. The connection request is specified by the pair of source and destination nodes, the order of modulation format m, and the BER threshold to be ensured. The algorithm first computes a set of shortest routes in terms of total distance on the network graph (line 1 in Algorithm 4). Next, the algorithm explores every route in the list to determine the optimal channel (lines 2-6). Then, for every route p, the set of channels that are available in all the links is computed (line 4). The algorithm is assisted by OCATA-MB for the selection of the optimal channel and to compute the optimal detection areas for NLI noise mitigation if needed (line 5). The route and channel, together with the detection areas when NLI noise has to be mitigated to meet the requested QoT, are returned (line 6). Otherwise, the next route is explored until the list is exhausted, in which case the algorithm returns no solution found (line 7). Algorithm 5 presents the pseudocode for channel selection. The algorithm receives the selected route, the set of available channels, the number m of CPs, and the BER threshold to be assured, and it returns the selected channel and the detection areas in case NLI noise mitigation is needed. The algorithm first retrieves the list of pre-computed reference channels from an internal repository (line 1 in Algorithm 5) and composes an end-to-end DNN model for the selected route for each of the reference channels (line 2) by concatenating individual link models <ref type="bibr" target="#b19">[19]</ref>. Next, input samples X are randomly generated for each reference channel and features Y are computed using GMM fitting; only the features for the selected CPs are used for propagation, being the features for the other CPs discarded (line 3). The input features are then propagated using the end-to-end DNNs models for each of the reference channels, which produces a set of output features characterizing the signal at the Rx (line 4). 22:</p><p>[RCh] ← getRCh()</p><formula xml:id="formula_14">[M] ← getModelsforRoute(p, [RCh]) [Y i,RCh ] ← generateInputFeatures([RCh]) [Y i,RCh out] ←propagate([Y i,RCh ], [M]) Chaux ← Ch BERvsCh ← getBERCurve(p) while Ch ≠ Ø do ch, BERmax ← getChWithMaxBER(BERvsCh, Ch) if BERmax &gt; BERth then Ch ← Ch \ {ch} continue [Y i,ch out]← featureComposition([Y i,RCh out], ch) (Algorithm 2) Y ch out ← constReconstruction([Y i,ch out]) BER ch ← estimateBER(Y ch out) if BER ch ≤ BERth then return &lt;ch, -&gt; Ch ← Ch \ {ch} ch ← getChWithMinBER(BERvsCh, Chaux) [Y i,ch out]← featureComposition([Y i,RCh out], ch) (Algorithm 2) Y ch out ← constReconstruction([Y i,ch out]) [A i ], BER ←computeNLIMitigation(Y ch out, m) (Algorithm 6) if BER ≤ BERth then return &lt;ch, [A i ]&gt; return None</formula><p>The output features for the reference channels are used to explore available channels in terms of estimated BER. However, because the list of available channels might be extensive, pre-computed pre-FEC BER vs channel curves, similar to those in Fig. <ref type="figure" target="#fig_0">1b</ref>, are used to accelerate finding the channels that potentially would provide minimum and maximum BER for a given set. Then, the most appropriate curve for the selected route is retrieved (line 6). The available channels are sequentially explored (lines 7-16) by selecting the one that potentially would provide the maximum BER and checking that the BER could be under the given threshold (lines 8-9). If the anticipated BER is above the threshold, that channel is discarded and the process restarts (lines 10-11). Otherwise, the channel is a candidate to support the lightpath and its BER is accurately estimated. To that end, the specific features for the candidate channel are computed using the features composition algorithm and the features of the non-propagated CPs are computed (lines <ref type="bibr" target="#b12">[12]</ref><ref type="bibr" target="#b13">[13]</ref>. With the features of the entire expected optical signal for the candidate path, the pre-FEC BER is estimated (line 14) and the candidate channel is returned in case the estimated value is found to be under the threshold (line 15). Otherwise, the channel is discarded and the process continues with the rest of available channels (line 16).</p><p>In the case that none of the available channels can provide the requested BER, the application of NLI noise mitigation is considered (lines 17-21). To that end, the available channel with the minimum BER is selected using the pre-computed pre-FEC BER vs channel curve (line 17), and the features for that channel are computed from those of the reference channels, as well as the features of the non-propagated CPs (lines <ref type="bibr" target="#b18">[18]</ref><ref type="bibr" target="#b19">[19]</ref>. The optimal detection areas for the expected signal are then computed using an algorithm that also returns the estimated BER after NLI noise mitigation (line 20). In the case that the resulting BER is under the threshold, the channel together with the computed detection areas are returned (line 21); otherwise, none of the available channels has been found to guarantee the BER threshold (line 22).</p><p>Finally, Algorithm 6 presents the pseudocode for NLI noise mitigation that receives as input the expected features of the signal at the Rx and the number m of CPs in the signal, and computes the detection areas as well as the BER estimated based on probabilities Φ i out computed on the corresponding detection area A i for each CP. The algorithm first creates a grid by dividing the coordinate plane into small nonoverlapping squares (a) with width and height equal to δ and the detection areas are obtained using Algorithm 3 (lines 1-2 in Algorithm 6). Next, Φout is estimated by computing Φ i out for each CP i on the defined grid and averaging for the number of CPs to obtain the symbol error rate (lines 3-9). Finally, the BER is estimated and returned together with the computed detection areas (line 10).</p></div>
<div xmlns="http://www.tei-c.org/ns/1.0"><head>Algorithm 6. Nonlinear Mitigation</head></div>
<div xmlns="http://www.tei-c.org/ns/1.0"><head>INPUT: Y, m</head><p>OUTPUT:</p><formula xml:id="formula_15">[A i ],<label>BER 1: 2: 3: 4: 5: 6: 7: 8: 9: 10:</label></formula><p>A←CreateGrid()</p><formula xml:id="formula_16">[A i ] ← ComputeDetectionAreas(Y, A, m) (Algorithm 3) Φout←0 for i=1..m do ΦA(i) ← 0 for each a in A i do ΦA(i) ← ΦA(i) + a.maxProb Φ i out ←1-ΦA(i) Φout ← Φout+ Φ i out / m return [A i ], Φout / log2 m</formula></div>
<div xmlns="http://www.tei-c.org/ns/1.0"><head n="4.">Simulation Results</head><p>In this section, we evaluate the OCATA-MB digital twin to support MB lightpath provisioning, as well as the proposed on-line MB-RSA algorithm. First, the simulation environment used to generate the datasets needed for training DNN models is presented and the architecture of the DNN link models is defined. Next, the RChs are selected and used for feature composition. Then, the nonlinear mitigation technique is evaluated stand alone and finally, used as part of the MB-RSA algorithm.</p></div>
<div xmlns="http://www.tei-c.org/ns/1.0"><head>A. MB Optical System Simulation and Modeling</head><p>The MATLAB-based simulator of a coherent WDM system developed in <ref type="bibr" target="#b22">[22]</ref> was used to generate IQ constellations for 16QAM@32GBd signals shaped by a root-raised cosine filter with a 0.06 roll-off factor. For the C+L+S system, we consider 337 optical channels, with 50 GHz channel spacing for full spectrum usage. We assume a pre-FEC BER threshold equal to 1e-2 in all the cases. Table <ref type="table" target="#tab_3">2</ref> summarizes the configurations used in the MB transmission simulator. Type of Amplifier TDFA EDFA EDFA Amplifier Noise Figure <ref type="figure" target="#fig_3">5</ref> Non-Linear coefficient</p></div>
<div xmlns="http://www.tei-c.org/ns/1.0"><head>Dispersion, Attenuation</head><p>Vary with frequency <ref type="bibr" target="#b4">[5]</ref> Launch Power 0 dBm Pseudorandom binary sequences of length 2 16 are used as input of every channel. The signal is propagated through spans of standard single mode fiber, ranging 70-100km, with a launch power of 0 dBm. Gain flattening filters are used at the end of each fiber span to compensate for the power tilt induced by the ISRS effect. The attenuation factor, chromatic dispersion and nonlinear (gamma) parameters vary with frequency. The fractional contribution of the delayed Raman response is 0.245 <ref type="bibr" target="#b29">[29]</ref>. Propagation in optical fiber is modeled by solving the nonlinear Schrödinger equation using the Runge-Kutta method (see <ref type="bibr" target="#b22">[22]</ref>). EDFAs and TDFAs are modeled as ideal OAs characterized by a single gain and noise figures. Note that such simplification is intended to clearly show the differentiated behavior of the channels in the different transmission bands. An adaptive step size algorithm is also included to further reduce the computation time required by the Runge-Kutta method. Finally, at the Rx, a DSP block performs ideal chromatic dispersion compensation and phase recovery.</p><p>The dataset was populated with a total of 1,000 samples, which are used for training, validation and testing the DNN link models <ref type="bibr" target="#b30">[30]</ref>. The DNN link models are characterized by: i) 20 inputs for the features of the 4 selected CPs; ii) two hidden layers with 12 neurons and tanh(•) activation function; and iii) 20 outputs for the propagated features. A specific DNN link model was trained for each different RCh and configuration of the link, i.e., number of spans and span length (in steps of 10 km). </p></div>
<div xmlns="http://www.tei-c.org/ns/1.0"><head>B. Reference Channels Selection</head><p>Let us first select the RChs that will be afterwards used during the lightpath provisioning process. Fig. <ref type="figure" target="#fig_6">6</ref> shows the value for every channel of some 𝜎 features belonging to two exterior CPs.</p><p>We observe that piecewise linear with 6 segments results in relative accurate models. Note that 6 segments result in 7 different RChs. However, the location of the cut-points is different for each individual feature, as well as for the different link configurations. For example, the 4th cut-point ranges from 153 to 174 in the plots in Fig. <ref type="figure" target="#fig_6">6</ref>. Therefore, Algorithm 1 finds the centroid among the values for the same cut-point index from the different 𝜎 features and link configurations.</p><p>1.0E-3 1.5E-3 2.0E-3 2.5E-3 3.0E-3 1 2 3 4 5 6 7 8 9 10 11 12 Pre-FEC BER S-Band 3.0E-2 3.5E-2 4.0E-2 4.5E-2 1 2 3 4 5 6 7 8 9 10 11 12 0.10 0.15 0.20 0.25 1 2 3 4 5 6 7 8 9 10 11 12 Simulation Individual cut-points Centroid cut-points 3 Spans 6 Spans Spans 1.0E-3 1.5E-3 2.0E-3 2.5E-3 3.0E-3 1 2 3 4 5 6 7 8 9 10 11 12 Pre-FEC BER 3 Spans C-Band 3.0E-2 3.5E-2 4.0E-2 4.5E-2 1 2 3 4 5 6 7 8 9 10 11 12 0.10 0.15 0.20 0.25 1 2 3 4 5 6 7 8 9 10 11 12 6 Spans 9 Spans 1.0E-3 1.5E-3 2.0E-3 2.5E-3 3.0E-3 1 2 3 4 5 6 7 8 9 10 11 12 3.0E-2 3.5E-2 4.0E-2 4.5E-2 1 2 3 4 5 6 7 8 9 10 11 12 Pre-FEC BER 3 Spans L-Band 0.10 0.15 0.20 0.25 1 2 3 4 5 6 7 8 9 10 11 12 6 Spans 9 Spans # segments Fig. <ref type="figure" target="#fig_7">7</ref> shows the results of an extensive study using the generated datasets, where pre-FEC BER is shown for links with 3, 6 and 9 spans where the pre-FEC BER is estimated from: i) the results of the simulation; ii) using the individual cut-points for every 𝜎 feature; and iii) using the computed centroids for each cut-point. The averaged values for the channels in each band are shown in separate graphs. We observe the accuracy of pre-FEC BER estimation from the features of the signal and conclude that fitting 6 linear segments provides reasonable accuracy with moderated complexity. Finally, the selected RChs are: channels 1, 20, and 97 in the S-band, channel 154 in the C-band, and channels 225, 304, and 337 in the L-band.</p></div>
<div xmlns="http://www.tei-c.org/ns/1.0"><head>C. Feature Composition</head><p>Let us focus now in the composition of features. Recall that the features of the RChs after propagation through the set of DNN link models for the given route are already available and Algorithm 2 is used to estimate those for a target channel. Fig. <ref type="figure" target="#fig_8">8</ref> shows the contour plots for RCh 225 (Fig. <ref type="figure" target="#fig_8">8a</ref>) and the non-propagated channel 75 (Fig. <ref type="figure" target="#fig_8">8b</ref>) after signal propagation along 9 spans. Fig. <ref type="figure" target="#fig_8">8c</ref> focuses on the two propagated CPs (one interior and one exterior) for RCh 225 and the composed ones for channel 75. In both cases, we observe high accuracy in the channels estimated features (in red) w.r.t. the ones obtained from the simulator (in black). To evaluate the accuracy of the QoT estimation, Fig. <ref type="figure" target="#fig_9">9</ref> compares the pre-FEC BER calculated by numerical simulation with the one estimated using Algorithm 6 without NLI noise mitigation, i.e., assuming square boundaries for the detection areas. The results obtained for RCh 97 and two non-propagated, i.e., ch. 180 and ch. 310, are depicted for different transmission distances. We observe that the pre-FEC BER estimation for the three channels is very accurate, in line with the results in <ref type="bibr" target="#b20">[20]</ref> for the C band. </p></div>
<div xmlns="http://www.tei-c.org/ns/1.0"><head>D. Nonlinear Mitigation</head><p>Let us now analyze the number of areas k that need to be considered in Algorithm 6 to obtain accurate Φout computations. Fig. <ref type="figure" target="#fig_10">10</ref> illustrates the convergence of Φout with k for channel 337; similar results can be obtained for the other channels. We observe that very small error is obtained when 10000 or more areas are considered, which greatly limits the time of Algorithm 3 to compute the detection areas. Fig. <ref type="figure" target="#fig_0">11</ref> shows the estimated pre-FEC BER with and without nonlinear mitigation with the detection areas optimized using Algorithm 6, for three channels, each one from a different band, as a function of the number of fiber spans, when fixing k=10000. We observe an improvement of the resulting pre-FEC BER in all three channels independently of the transmission distance. In particular, we observe that the maximum transmission distance is highly dependent on the selected channel, which stresses the application of OCATA-MB during the lightpath provisioning phase to select a channel that can ensure that the pre-FEC BER threshold is not exceeded. In addition, by configuring the optimal detection areas in the Rx, the maximum achievable transmission distance is effectively extended. Indeed, Fig. <ref type="figure" target="#fig_0">11</ref> shows that the reach of channel 1 can be extended by 1 additional span without exceeding the pre-FEC BER threshold when nonlinear mitigation is implemented. Similar conclusions can be drawn for channels 150 and 337. For illustrative purposes, Fig. <ref type="figure" target="#fig_1">12</ref> shows the optimized detection areas for channels 1, 150 and 337 after transmission along 6 spans. We observe different shapes of the detection areas for the different channels needed to mitigate the different impact of NLI noise mainly due to SRS. </p></div>
<div xmlns="http://www.tei-c.org/ns/1.0"><head>E. Lightpath Provisioning</head><p>Finally, let us evaluate the performance of the OCATA-assisted on-line MB-RSA algorithm defined in Algorithm 4. To this end, a simulation environment has been implemented in Python and the Spanish 10-node core network topology (Fig. <ref type="figure" target="#fig_12">13a</ref>) with links with various configurations is assumed. In addition, to evaluate the performance of the NLI noise mitigation strategy, Algorithm 4 is used with and without NLI noise mitigation (i.e., with and without executing lines 17-21). For benchmarking purposes, the traditional first-fit channel assignment with QoT assurance is considered, where QoT is estimated for the selected channel and the request is rejected in case the required QoT is not met for that channel.</p><p>The simulation assumes a static traffic model, i.e., the simulation starts with no traffic on the network and connection requests are served sequentially between randomly chosen source and destination nodes. Once a connection is successfully provisioned on the network, it stays without being changed or removed from the network. For the sake of simplicity, a set of 1,000 connection requests are generated beforehand, checking that the shortest route can provide the required QoT for at least one channel assignment. The simulator is then run for every considered approach with the same pre-generated list of connection requests. The number of shortest routes between each pair of nodes is limited to 3 in all the cases. Fig. <ref type="figure" target="#fig_12">13b</ref> shows the number of requests blocked whereas Fig. <ref type="figure" target="#fig_12">13c</ref> depicts the blocking ratio as a function of the number of connection requests. We observe that the first-fit approach provides the highest number of connection requests blocked in all the cases because the channel selected cannot provide acceptable QoT, i.e., blocking is not a consequence of lack of available channels in the selected route. The final blocking ratio was as high as 34% after processing 1,000 connection requests. The number of requests blocked was highly reduced by 54% (from 344 down to 156) when the OCATA-assisted on-line MB-RSA algorithm (Algorithm 4) was applied to find the best channel that can provide the needed QoT. In this case, the final blocking ratio reduced to 15.6%. Finally, when the NLI noise mitigation technique was also implemented, the number of requests blocked remarkable reduced by an additional 56% (from 156 down to 68) with a final blocking ratio of just 6.8%. Hence, the total blocking reduction when the NLI noise mitigation technique is implemented is over 80%.</p></div>
<div xmlns="http://www.tei-c.org/ns/1.0"><head n="5.">Concluding Remarks</head><p>A digital twin -assisted lightpath provisioning approach has been proposed for providing the route and the channel assignment that can provide the required QoT in multiband optical networks. The particular impact of nonlinear impairments to each optical channel in the spectrum of the C+L+S transmission bands makes channels assignment a non-trivial problem with huge impact on the network resource utilization, and thus on the capability of the network to provide optical connections. In view of that, the OCATA-MB time domain digital twin is proposed, not only to provide QoT estimation of a given route and a channel assignment, but also to actively participate on the channel assignment itself.</p><p>OCATA includes DNNs modeling optical signal propagation in optical networks. Because of the different impact of nonlinear noise on the different channels and the large number of channels available in the C+L+S MB transmission systems, OCATA-MB includes a special methodology that defines reference channels to reduce the number of DNN models and a feature composition block that provides the features for any target channel by interpolating those of the two adjacent reference channels. It is worth noting that the number of considered reference channels plays an important role in the accuracy of the procedure, as well in the scalability of the OCATA-MB methodology. Therefore, an algorithm is proposed to define the number and identify the reference channels to be used for DNN modeling. Finally, nonlinear mitigation is proposed to improve the QoT of optical connections by optimizing the detection areas in the Rx. NLI noise mitigation can then be used in the case that a lightpath cannot be provisioned because none of the available channels can provide the required QoT, and therefore, such nonlinear mitigation is a valuable tool to reduce connection blocking.</p><p>The performance of the proposed OCATA-MB methodology was assessed by numerical simulation. Results show remarkable accuracy in the estimation of the features of the reference channels after they are propagated by the DNN models, as well as for the non-reference channels whose features are estimated from the RChs. The accuracy of the proposed approach was demonstrated when estimating the QoT, specifically the pre-FEC BER. The performance of the nonlinear noise mitigation technique was also assessed and the results showed an important improvement in the QoT for different channel assignments. Finally, the performance of the proposed OCATA-MB -assisted lightpath provisioning approach was evaluated and results showed over 50% improvement in terms of blocking ratio w.r.t. a traditional first-fit algorithm with QoT estimation when NLI noise mitigation was not implemented and an additional 50% of improvement when the NLI noise mitigation was applied. The obtained results clearly show the usefulness of the proposed methodology.</p></div><figure xmlns="http://www.tei-c.org/ns/1.0" xml:id="fig_0"><head>Fig. 1 .</head><label>1</label><figDesc>Fig. 1. Overview of the considered MB scenario (a) and illustrative performance of MB optical transmission (b).</figDesc></figure>
<figure xmlns="http://www.tei-c.org/ns/1.0" xml:id="fig_1"><head>Fig. 2 .</head><label>2</label><figDesc>Fig. 2. Main building blocks of the OCATA-MB time-domain digital twin.</figDesc></figure>
<figure xmlns="http://www.tei-c.org/ns/1.0" xml:id="fig_2"><head>Fig. 4 .</head><label>4</label><figDesc>Fig. 4. Proposed DT-assisted MB-RSA procedure.</figDesc></figure>
<figure xmlns="http://www.tei-c.org/ns/1.0" xml:id="fig_3"><head>Fig. 5 .</head><label>5</label><figDesc>Fig. 5. Definition grid for 16-QAM signal constellations.</figDesc></figure>
<figure xmlns="http://www.tei-c.org/ns/1.0" xml:id="fig_4"><head>Algorithm 4 .P</head><label>4</label><figDesc>OCATA-Assisted on-line MB-RSA INPUT: G(N, E), &lt;src, dest, m, BERthr&gt;, OCATA_MB OUTPUT: p, ch, [A i ] ← kSP(src, dest) while P ≠ Ø do p ← removeFirst(P) Ch ← getAvailableChannels(p) ch, [A i ] ← OCATA_MB.selectCh(p, Ch, m, BERthr) (Algorithm 5) if ch is not None then return &lt;p, ch, [A i ]&gt; return None</figDesc></figure>
<figure xmlns="http://www.tei-c.org/ns/1.0" xml:id="fig_5"><head>Algorithm 5 .</head><label>5</label><figDesc>OCATA-MB Channel SelectionINPUT: p, Ch, m, BERthrOUTPUT: ch, [A i ]</figDesc></figure>
<figure xmlns="http://www.tei-c.org/ns/1.0" xml:id="fig_6"><head>Fig. 6 .</head><label>6</label><figDesc>Fig. 6. Value of selected σ features and CPs vs channel index and piecewise linear fitting with 1, 4 and 6 segments.</figDesc></figure>
<figure xmlns="http://www.tei-c.org/ns/1.0" xml:id="fig_7"><head>Fig. 7 .</head><label>7</label><figDesc>Fig. 7. Pre-FEC BER vs number of piecewise linear segments.</figDesc></figure>
<figure xmlns="http://www.tei-c.org/ns/1.0" xml:id="fig_8"><head>Fig. 8 .</head><label>8</label><figDesc>Fig. 8. Reconstructed constellations for a RCh (a) and a non-RCh (b). Details of two CPs, one exterior and one interior (c).</figDesc></figure>
<figure xmlns="http://www.tei-c.org/ns/1.0" xml:id="fig_9"><head>Fig. 9 .</head><label>9</label><figDesc>Fig. 9. Evolution of Pre-FEC BER as a function of the number of spans for several channels.</figDesc></figure>
<figure xmlns="http://www.tei-c.org/ns/1.0" xml:id="fig_10"><head>Fig. 10 .</head><label>10</label><figDesc>Fig. 10. Estimated pre-FEC BER for different number of areas.</figDesc></figure>
<figure xmlns="http://www.tei-c.org/ns/1.0" xml:id="fig_11"><head>Fig. 11 .Fig. 12 .</head><label>1112</label><figDesc>Fig. 11. Real and estimated pre-FEC BER with squared and optimized detection areas vs # spans for ch. 1 (a), 150 (b), and 337 (c).</figDesc><graphic coords="16,116,52,261,66,119,23,89,96" type="bitmap" /></figure>
<figure xmlns="http://www.tei-c.org/ns/1.0" xml:id="fig_12"><head>Fig. 13 .</head><label>13</label><figDesc>Fig. 13. Spanish core optical network topology (a). Number of demands blocked (b) and blocking ratio evolution (c) vs demand number.</figDesc></figure>
<figure xmlns="http://www.tei-c.org/ns/1.0" type="table" xml:id="tab_1"><head>Table 1 :</head><label>1</label><figDesc>Notation.</figDesc><table><row><cell>General</cell><cell></cell></row><row><cell>X</cell><cell>Set of symbols, index x.</cell></row><row><cell>Y i</cell><cell>Features of CP i</cell></row><row><cell>m</cell><cell>Order of modulation format and number of CPs</cell></row><row><cell>selCP</cell><cell>Set of selected CPs to be propagated by the OCATA DNN models</cell></row><row><cell cols="2">NLI noise mitigation</cell></row></table><note><p><p>A</p>The whole coordinate plane, which is divided into small squares a. A i Detection area for CP i. k Number of squares areas a, each of size δ⨯δ D Square matrix of size sqrt(k) ⨯ sqrt(k) for symbol decoding.</p></note></figure>
<figure xmlns="http://www.tei-c.org/ns/1.0" type="table" xml:id="tab_3"><head>Table 2 .</head><label>2</label><figDesc>Considered MB optical systems</figDesc><table><row><cell></cell><cell>S Band</cell><cell>C Band</cell><cell>L Band</cell></row><row><cell>Wavelength range[nm]</cell><cell>1481.7 -1530.1</cell><cell>1530.1 -1564.8</cell><cell>1564.8 -1616.7</cell></row><row><cell>Bandwidth [THz]</cell><cell>6.19</cell><cell>4.35</cell><cell>5.76</cell></row><row><cell></cell><cell>128</cell><cell>87</cell><cell>122</cell></row><row><cell>Num of Channels (Ids)</cell><cell></cell><cell></cell><cell></cell></row><row><cell></cell><cell>(1-128)</cell><cell>(129-215)</cell><cell>(216-337)</cell></row></table></figure>
		</body>
		<back>
			<div type="references">

				<listBibl>

<biblStruct xml:id="b0">
	<analytic>
		<title level="a" type="main">Representative use cases and key network requirements for network 2030</title>
		<author>
			<persName><forename type="first">B</forename><surname>Da</surname></persName>
		</author>
		<author>
			<persName><forename type="first">M</forename><surname>Carugi</surname></persName>
		</author>
	</analytic>
	<monogr>
		<title level="m">Tech. rep., ITU-T FG-NET2030</title>
		<imprint>
			<date type="published" when="2020">2020</date>
		</imprint>
	</monogr>
</biblStruct>

<biblStruct xml:id="b1">
	<analytic>
		<title level="a" type="main">Introduction to the JOCN Special Issue on Advances in Multi-Band Optical Networks</title>
		<author>
			<persName><forename type="first">L</forename><surname>Velasco</surname></persName>
		</author>
		<author>
			<persName><forename type="first">F</forename><surname>Cugini</surname></persName>
		</author>
		<author>
			<persName><forename type="first">R</forename><surname>Casellas</surname></persName>
		</author>
		<author>
			<persName><forename type="first">M</forename><surname>Nakagawa</surname></persName>
		</author>
		<author>
			<persName><forename type="first">G</forename><surname>Wellbrock</surname></persName>
		</author>
		<author>
			<persName><forename type="first">X</forename><surname>Chen</surname></persName>
		</author>
		<idno>AIMON1-AIMON2</idno>
	</analytic>
	<monogr>
		<title level="j">J. Opt. Commun. Netw</title>
		<imprint>
			<biblScope unit="volume">15</biblScope>
			<date type="published" when="2023">2023</date>
		</imprint>
	</monogr>
</biblStruct>

<biblStruct xml:id="b2">
	<analytic>
		<title level="a" type="main">Network Traffic Analysis under Emerging Beyond-5G Scenarios for Multi-Band Optical Technology Adoption</title>
		<author>
			<persName><forename type="first">M</forename><surname>Ruiz</surname></persName>
		</author>
		<author>
			<persName><forename type="first">J</forename><surname>Hernandez</surname></persName>
		</author>
		<author>
			<persName><forename type="first">M</forename><surname>Quagliotti</surname></persName>
		</author>
		<author>
			<persName><forename type="first">E</forename><surname>Hugues-Salas</surname></persName>
		</author>
		<author>
			<persName><forename type="first">E</forename><surname>Riccardi</surname></persName>
		</author>
		<author>
			<persName><forename type="first">A</forename><surname>Rafel</surname></persName>
		</author>
		<author>
			<persName><forename type="first">L</forename><surname>Velasco</surname></persName>
		</author>
		<author>
			<persName><forename type="first">O</forename><surname>Gonzalez</surname></persName>
		</author>
	</analytic>
	<monogr>
		<title level="j">J. Opt. Commun. Netw</title>
		<imprint>
			<biblScope unit="volume">15</biblScope>
			<biblScope unit="page" from="36" to="F47" />
			<date type="published" when="2023">2023</date>
		</imprint>
	</monogr>
</biblStruct>

<biblStruct xml:id="b3">
	<analytic>
		<title level="a" type="main">Multi-Band Elastic Optical Networks: Inter-Channel Stimulated Raman Scattering-Aware Routing, Modulation Level and Spectrum Assignment</title>
		<author>
			<persName><forename type="first">M</forename><surname>Mehrabi</surname></persName>
		</author>
		<author>
			<persName><forename type="first">H</forename><surname>Beyranvand</surname></persName>
		</author>
		<author>
			<persName><forename type="first">J</forename><surname>Emadi</surname></persName>
		</author>
	</analytic>
	<monogr>
		<title level="j">J. Lightwave Technol</title>
		<imprint>
			<biblScope unit="volume">39</biblScope>
			<biblScope unit="page" from="3360" to="3370" />
			<date type="published" when="2021">2021</date>
		</imprint>
	</monogr>
</biblStruct>

<biblStruct xml:id="b4">
	<analytic>
		<title level="a" type="main">Assessment on the Achievable Throughput of Multi-Band ITU-T G.652.D Fiber Transmission Systems</title>
		<author>
			<persName><forename type="first">A</forename><surname>Ferrari</surname></persName>
		</author>
		<author>
			<persName><forename type="first">A</forename><surname>Napoli</surname></persName>
		</author>
		<author>
			<persName><forename type="first">J</forename><surname>Fischer</surname></persName>
		</author>
		<author>
			<persName><forename type="first">N</forename><surname>Costa</surname></persName>
		</author>
		<author>
			<persName><forename type="first">A</forename><surname>D'amico</surname></persName>
		</author>
		<author>
			<persName><forename type="first">J</forename><surname>Pedro</surname></persName>
		</author>
		<author>
			<persName><forename type="first">W</forename><surname>Forysiak</surname></persName>
		</author>
		<author>
			<persName><forename type="first">E</forename><surname>Pincemin</surname></persName>
		</author>
		<author>
			<persName><forename type="first">A</forename><surname>Lord</surname></persName>
		</author>
		<author>
			<persName><forename type="first">A</forename><surname>Stavdas</surname></persName>
		</author>
		<author>
			<persName><forename type="first">J</forename><surname>Fernandez-Palacios</surname></persName>
		</author>
		<author>
			<persName><forename type="first">G</forename><surname>Roelkens</surname></persName>
		</author>
		<author>
			<persName><forename type="first">N</forename><surname>Calabretta</surname></persName>
		</author>
		<author>
			<persName><forename type="first">S</forename><surname>Abrate</surname></persName>
		</author>
		<author>
			<persName><forename type="first">B</forename><surname>Sommerkorn-Krombholz</surname></persName>
		</author>
		<author>
			<persName><forename type="first">V</forename><surname>Curri</surname></persName>
		</author>
	</analytic>
	<monogr>
		<title level="j">J. Lightwave Technology</title>
		<imprint>
			<biblScope unit="volume">38</biblScope>
			<biblScope unit="page" from="4279" to="4291" />
			<date type="published" when="2020">2020</date>
		</imprint>
	</monogr>
</biblStruct>

<biblStruct xml:id="b5">
	<analytic>
		<title level="a" type="main">Solving Routing and Spectrum Allocation Related Optimization Problems: From Off-Line to In-Operation Flexgrid Network Planning</title>
		<author>
			<persName><forename type="first">L</forename><surname>Velasco</surname></persName>
		</author>
		<author>
			<persName><forename type="first">A</forename><surname>Castro</surname></persName>
		</author>
		<author>
			<persName><forename type="first">M</forename><surname>Ruiz</surname></persName>
		</author>
		<author>
			<persName><forename type="first">G</forename><surname>Junyent</surname></persName>
		</author>
	</analytic>
	<monogr>
		<title level="j">J. Lightwave Technol</title>
		<imprint>
			<biblScope unit="volume">32</biblScope>
			<biblScope unit="page" from="2780" to="2795" />
			<date type="published" when="2014">2014</date>
		</imprint>
	</monogr>
</biblStruct>

<biblStruct xml:id="b6">
	<monogr>
		<title level="m" type="main">Assessment of a constraint-based routing algorithm for translucent 10</title>
		<author>
			<persName><forename type="first">S</forename><surname>Pachnicke</surname></persName>
		</author>
		<author>
			<persName><forename type="first">T</forename><surname>Paschenda</surname></persName>
		</author>
		<author>
			<persName><forename type="first">P</forename><surname>Krummrich</surname></persName>
		</author>
		<imprint/>
	</monogr>
</biblStruct>

<biblStruct xml:id="b7">
	<analytic>
		<title level="a" type="main">Gbits/s DWDM networks considering fiber non-linearities</title>
	</analytic>
	<monogr>
		<title level="j">J. Opt. Netw</title>
		<imprint>
			<biblScope unit="volume">7</biblScope>
			<biblScope unit="page" from="365" to="377" />
			<date type="published" when="2008">2008</date>
		</imprint>
	</monogr>
</biblStruct>

<biblStruct xml:id="b8">
	<analytic>
		<title level="a" type="main">Statistical Approach for Fast Impairment-Aware Provisioning in Dynamic All-Optical Networks</title>
		<author>
			<persName><forename type="first">L</forename><surname>Velasco</surname></persName>
		</author>
		<author>
			<persName><forename type="first">A</forename><surname>Jirattigalachote</surname></persName>
		</author>
		<author>
			<persName><forename type="first">M</forename><surname>Ruiz</surname></persName>
		</author>
		<author>
			<persName><forename type="first">P</forename><surname>Monti</surname></persName>
		</author>
		<author>
			<persName><forename type="first">L</forename><surname>Wosinska</surname></persName>
		</author>
		<author>
			<persName><forename type="first">G</forename><surname>Junyent</surname></persName>
		</author>
	</analytic>
	<monogr>
		<title level="j">J. Opt. Commun. Netw</title>
		<imprint>
			<biblScope unit="volume">4</biblScope>
			<biblScope unit="page" from="130" to="141" />
			<date type="published" when="2012">2012</date>
		</imprint>
	</monogr>
</biblStruct>

<biblStruct xml:id="b9">
	<analytic>
		<title level="a" type="main">Spectrum fit allocation techniques for SLICE optical networks</title>
		<author>
			<persName><forename type="first">C</forename><surname>Triveni</surname></persName>
		</author>
		<author>
			<persName><forename type="first">P</forename><surname>Srikanth</surname></persName>
		</author>
		<author>
			<persName><forename type="first">T</forename><surname>Srinivas</surname></persName>
		</author>
	</analytic>
	<monogr>
		<title level="j">Optik</title>
		<imprint>
			<biblScope unit="volume">165</biblScope>
			<biblScope unit="page" from="380" to="387" />
			<date type="published" when="2018">2018</date>
		</imprint>
	</monogr>
</biblStruct>

<biblStruct xml:id="b10">
	<analytic>
		<title level="a" type="main">SDN-enabled path computation element for autonomous multi-band optical transport networks</title>
		<author>
			<persName><forename type="first">E</forename><surname>Kosmatos</surname></persName>
		</author>
		<author>
			<persName><forename type="first">R</forename><surname>Casellas</surname></persName>
		</author>
		<author>
			<persName><forename type="first">K</forename><surname>Nikolaou</surname></persName>
		</author>
		<author>
			<persName><forename type="first">L</forename><surname>Nadal</surname></persName>
		</author>
		<author>
			<persName><forename type="first">D</forename><surname>Uzunidis</surname></persName>
		</author>
		<author>
			<persName><forename type="first">C</forename><surname>Matrakidis</surname></persName>
		</author>
		<author>
			<persName><forename type="first">J</forename><surname>Fàbrega</surname></persName>
		</author>
		<author>
			<persName><forename type="first">M</forename><forename type="middle">Svaluto</forename><surname>Moreolo</surname></persName>
		</author>
		<author>
			<persName><forename type="first">A</forename><surname>Stavdas</surname></persName>
		</author>
	</analytic>
	<monogr>
		<title level="j">J. Opt. Commun. Netw</title>
		<imprint>
			<biblScope unit="volume">15</biblScope>
			<biblScope unit="page" from="48" to="F62" />
			<date type="published" when="2023">2023</date>
		</imprint>
	</monogr>
</biblStruct>

<biblStruct xml:id="b11">
	<analytic>
		<title level="a" type="main">The GN model of fiber non-linear propagation and its applications</title>
		<author>
			<persName><forename type="first">P</forename><surname>Poggiolini</surname></persName>
		</author>
		<author>
			<persName><forename type="first">G</forename><surname>Bosco</surname></persName>
		</author>
		<author>
			<persName><forename type="first">A</forename><surname>Carena</surname></persName>
		</author>
		<author>
			<persName><forename type="first">V</forename><surname>Curri</surname></persName>
		</author>
		<author>
			<persName><forename type="first">Y</forename><surname>Jiang</surname></persName>
		</author>
		<author>
			<persName><forename type="first">F</forename><surname>Forghieri</surname></persName>
		</author>
	</analytic>
	<monogr>
		<title level="j">J. of Lightw. Techn</title>
		<imprint>
			<biblScope unit="volume">32</biblScope>
			<biblScope unit="page" from="694" to="721" />
			<date type="published" when="2014">2014</date>
		</imprint>
	</monogr>
</biblStruct>

<biblStruct xml:id="b12">
	<analytic>
		<title level="a" type="main">GNPy model of the physical layer for open and disaggregated optical networking</title>
		<author>
			<persName><forename type="first">V</forename><surname>Curri</surname></persName>
		</author>
	</analytic>
	<monogr>
		<title level="j">J. Opt. Commun. Netw</title>
		<imprint>
			<biblScope unit="volume">14</biblScope>
			<biblScope unit="page">2022</biblScope>
		</imprint>
	</monogr>
</biblStruct>

<biblStruct xml:id="b13">
	<analytic>
		<title level="a" type="main">A Closed-Form Approximation of the Gaussian Noise Model in the Presence of Inter-Channel Stimulated Raman Scattering</title>
		<author>
			<persName><forename type="first">D</forename><surname>Semrau</surname></persName>
		</author>
		<author>
			<persName><forename type="first">R</forename><surname>Killey</surname></persName>
		</author>
		<author>
			<persName><forename type="first">P</forename><surname>Bayvel</surname></persName>
		</author>
	</analytic>
	<monogr>
		<title level="j">J. Lightwave Technol</title>
		<imprint>
			<biblScope unit="volume">37</biblScope>
			<biblScope unit="page" from="1924" to="1936" />
			<date type="published" when="2019">2019</date>
		</imprint>
	</monogr>
</biblStruct>

<biblStruct xml:id="b14">
	<analytic>
		<title level="a" type="main">A Modulation Format Correction Formula for the Gaussian Noise Model in the Presence of Inter-Channel Stimulated Raman Scattering</title>
		<author>
			<persName><forename type="first">D</forename><surname>Semrau</surname></persName>
		</author>
		<author>
			<persName><forename type="first">E</forename><surname>Sillekens</surname></persName>
		</author>
		<author>
			<persName><forename type="first">R</forename><surname>Killey</surname></persName>
		</author>
		<author>
			<persName><forename type="first">P</forename><surname>Bayvel</surname></persName>
		</author>
	</analytic>
	<monogr>
		<title level="j">J. Lightwave Technol</title>
		<imprint>
			<biblScope unit="volume">37</biblScope>
			<biblScope unit="page" from="5122" to="5131" />
			<date type="published" when="2019">2019</date>
		</imprint>
	</monogr>
</biblStruct>

<biblStruct xml:id="b15">
	<analytic>
		<title level="a" type="main">Machine Learning for Optical Network Automation: Overview, Architecture and Applications</title>
		<author>
			<persName><forename type="first">D</forename><surname>Rafique</surname></persName>
		</author>
		<author>
			<persName><forename type="first">L</forename><surname>Velasco</surname></persName>
		</author>
	</analytic>
	<monogr>
		<title level="j">J. Opt. Commun. Netw</title>
		<imprint>
			<biblScope unit="volume">10</biblScope>
			<date type="published" when="2018">2018</date>
		</imprint>
	</monogr>
</biblStruct>

<biblStruct xml:id="b16">
	<analytic>
		<title level="a" type="main">Introduction to the JOCN Special Issue on Machine Learning Applied to QoT Estimation in Optical Networks</title>
		<author>
			<persName><forename type="first">Y</forename><surname>Pointurier</surname></persName>
		</author>
		<author>
			<persName><forename type="first">J</forename><surname>Pesic</surname></persName>
		</author>
		<author>
			<persName><forename type="first">C</forename><surname>Rottondi</surname></persName>
		</author>
		<author>
			<persName><forename type="first">L</forename><surname>Velasco</surname></persName>
		</author>
		<idno>MLAQ1-MLAQ2</idno>
	</analytic>
	<monogr>
		<title level="j">J. Opt. Commun. Netw</title>
		<imprint>
			<biblScope unit="volume">13</biblScope>
			<date type="published" when="2021">2021</date>
		</imprint>
	</monogr>
</biblStruct>

<biblStruct xml:id="b17">
	<analytic>
		<title level="a" type="main">Building a digital twin for intelligent optical networks</title>
		<author>
			<persName><forename type="first">Q</forename><surname>Zhuge</surname></persName>
		</author>
		<author>
			<persName><forename type="first">X</forename><surname>Liu</surname></persName>
		</author>
		<author>
			<persName><forename type="first">Y</forename><surname>Zhang</surname></persName>
		</author>
		<author>
			<persName><forename type="first">M</forename><surname>Cai</surname></persName>
		</author>
		<author>
			<persName><forename type="first">Y</forename><surname>Liu</surname></persName>
		</author>
		<author>
			<persName><forename type="first">Q</forename><surname>Qiu</surname></persName>
		</author>
		<author>
			<persName><forename type="first">X</forename><surname>Zhong</surname></persName>
		</author>
		<author>
			<persName><forename type="first">J</forename><surname>Wu</surname></persName>
		</author>
		<author>
			<persName><forename type="first">R</forename><surname>Gao</surname></persName>
		</author>
		<author>
			<persName><forename type="first">L</forename><surname>Yi</surname></persName>
		</author>
		<author>
			<persName><forename type="first">W</forename><surname>Hu</surname></persName>
		</author>
	</analytic>
	<monogr>
		<title level="j">J. Opt. Commun. Netw</title>
		<imprint>
			<biblScope unit="volume">15</biblScope>
			<biblScope unit="page">2023</biblScope>
		</imprint>
	</monogr>
	<note>Invited Tutorial</note>
</biblStruct>

<biblStruct xml:id="b18">
	<analytic>
		<title level="a" type="main">Deep Learning -based Real-Time Analysis of Lightpath Optical Constellations [Invited]</title>
		<author>
			<persName><forename type="first">M</forename><surname>Ruiz</surname></persName>
		</author>
		<author>
			<persName><forename type="first">D</forename><surname>Sequeira</surname></persName>
		</author>
		<author>
			<persName><forename type="first">L</forename><surname>Velasco</surname></persName>
		</author>
	</analytic>
	<monogr>
		<title level="j">J. Opt. Commun. Netw</title>
		<imprint>
			<biblScope unit="volume">14</biblScope>
			<biblScope unit="page">2022</biblScope>
		</imprint>
	</monogr>
</biblStruct>

<biblStruct xml:id="b19">
	<analytic>
		<title level="a" type="main">OCATA: a deep-learning-based digital twin for the optical time domain</title>
		<author>
			<persName><forename type="first">D</forename><surname>Sequeira</surname></persName>
		</author>
		<author>
			<persName><forename type="first">M</forename><surname>Ruiz</surname></persName>
		</author>
		<author>
			<persName><forename type="first">N</forename><surname>Costa</surname></persName>
		</author>
		<author>
			<persName><forename type="first">A</forename><surname>Napoli</surname></persName>
		</author>
		<author>
			<persName><forename type="first">J</forename><surname>Pedro</surname></persName>
		</author>
		<author>
			<persName><forename type="first">L</forename><surname>Velasco</surname></persName>
		</author>
	</analytic>
	<monogr>
		<title level="j">J. Opt. Commun. Netw</title>
		<imprint>
			<biblScope unit="volume">15</biblScope>
			<biblScope unit="page" from="87" to="97" />
			<date type="published" when="2023">2023</date>
		</imprint>
	</monogr>
</biblStruct>

<biblStruct xml:id="b20">
	<analytic>
		<title level="a" type="main">Applications of the OCATA time domain digital twin: from QoT estimation to failure management</title>
		<author>
			<persName><forename type="first">M</forename><surname>Devigili</surname></persName>
		</author>
		<author>
			<persName><forename type="first">M</forename><surname>Ruiz</surname></persName>
		</author>
		<author>
			<persName><forename type="first">N</forename><surname>Costa</surname></persName>
		</author>
		<author>
			<persName><forename type="first">C</forename><surname>Castro</surname></persName>
		</author>
		<author>
			<persName><forename type="first">A</forename><surname>Napoli</surname></persName>
		</author>
		<author>
			<persName><forename type="first">J</forename><surname>Pedro</surname></persName>
		</author>
		<author>
			<persName><forename type="first">L</forename><surname>Velasco</surname></persName>
		</author>
	</analytic>
	<monogr>
		<title level="j">J. Opt. Commun. Netw</title>
		<imprint>
			<biblScope unit="volume">16</biblScope>
			<biblScope unit="page" from="221" to="232" />
			<date type="published" when="2024">2024</date>
		</imprint>
	</monogr>
</biblStruct>

<biblStruct xml:id="b21">
	<analytic>
		<title level="a" type="main">Twining Digital Subcarrier Multiplexed Optical Signals with OCATA for Lightpath Provisioning</title>
		<author>
			<persName><forename type="first">M</forename><surname>Devigili</surname></persName>
		</author>
		<author>
			<persName><forename type="first">D</forename><surname>Sequeira</surname></persName>
		</author>
		<author>
			<persName><forename type="first">P</forename><surname>Torres-Ferrera</surname></persName>
		</author>
		<author>
			<persName><forename type="first">S</forename><surname>Srivallapanondh</surname></persName>
		</author>
		<author>
			<persName><forename type="first">N</forename><surname>Costa</surname></persName>
		</author>
		<author>
			<persName><forename type="first">M</forename><surname>Ruiz</surname></persName>
		</author>
		<author>
			<persName><forename type="first">C</forename><surname>Castro</surname></persName>
		</author>
		<author>
			<persName><forename type="first">A</forename><surname>Napoli</surname></persName>
		</author>
		<author>
			<persName><forename type="first">J</forename><surname>Pedro</surname></persName>
		</author>
		<author>
			<persName><forename type="first">L</forename><surname>Velasco</surname></persName>
		</author>
	</analytic>
	<monogr>
		<title level="j">J. Lightwave Technol</title>
		<imprint>
			<date type="published" when="2024">2024</date>
		</imprint>
	</monogr>
</biblStruct>

<biblStruct xml:id="b22">
	<monogr>
		<title level="m" type="main">SSMS: A Split Step MultiBand Simulation Software</title>
		<author>
			<persName><forename type="first">P</forename><surname>Khare</surname></persName>
		</author>
		<author>
			<persName><forename type="first">N</forename><surname>Costa</surname></persName>
		</author>
		<author>
			<persName><forename type="first">J</forename><surname>Pedro</surname></persName>
		</author>
		<author>
			<persName><forename type="first">A</forename><surname>Napoli</surname></persName>
		</author>
		<author>
			<persName><forename type="first">F</forename><surname>Arpanaei</surname></persName>
		</author>
		<author>
			<persName><forename type="first">J</forename><surname>Comellas</surname></persName>
		</author>
		<author>
			<persName><forename type="first">M</forename><surname>Ruiz</surname></persName>
		</author>
		<author>
			<persName><forename type="first">L</forename><surname>Velasco</surname></persName>
		</author>
		<imprint>
			<date type="published" when="2023">2023</date>
		</imprint>
	</monogr>
	<note>in proc. IEEE ICTON</note>
</biblStruct>

<biblStruct xml:id="b23">
	<analytic>
		<title level="a" type="main">OpenConfig and OpenROADM automation of operational modes in disaggregated optical networks</title>
		<author>
			<persName><forename type="first">A</forename><surname>Sgambelluri</surname></persName>
		</author>
		<author>
			<persName><forename type="first">A</forename><surname>Giorgetti</surname></persName>
		</author>
		<author>
			<persName><forename type="first">D</forename><surname>Scano</surname></persName>
		</author>
		<author>
			<persName><forename type="first">F</forename><surname>Cugini</surname></persName>
		</author>
		<author>
			<persName><forename type="first">F</forename><surname>Paoulicci</surname></persName>
		</author>
	</analytic>
	<monogr>
		<title level="j">IEEE Access</title>
		<imprint>
			<biblScope unit="volume">8</biblScope>
			<biblScope unit="page" from="190094" to="190107" />
			<date type="published" when="2020">2020</date>
		</imprint>
	</monogr>
</biblStruct>

<biblStruct xml:id="b24">
	<analytic>
		<title level="a" type="main">Photonic device programmability in support of autonomous optical networks</title>
		<author>
			<persName><forename type="first">R</forename><surname>Casellas</surname></persName>
		</author>
		<author>
			<persName><forename type="first">L</forename><surname>Nadal</surname></persName>
		</author>
		<author>
			<persName><forename type="first">R</forename><surname>Martinez</surname></persName>
		</author>
		<author>
			<persName><forename type="first">R</forename><surname>Vilalta</surname></persName>
		</author>
		<author>
			<persName><forename type="first">R</forename><surname>Muñoz</surname></persName>
		</author>
		<author>
			<persName><forename type="first">M</forename><surname>Svaluto-Moreolo</surname></persName>
		</author>
	</analytic>
	<monogr>
		<title level="j">J. Opt. Commun. Netw</title>
		<imprint>
			<biblScope unit="volume">16</biblScope>
			<date type="published" when="2024">2024</date>
		</imprint>
	</monogr>
</biblStruct>

<biblStruct xml:id="b25">
	<analytic>
		<title level="a" type="main">Multipath Restoration and Bitrate Squeezing in SDN-based Elastic Optical Networks</title>
		<author>
			<persName><forename type="first">F</forename><surname>Paolucci</surname></persName>
		</author>
		<author>
			<persName><forename type="first">A</forename><surname>Castro</surname></persName>
		</author>
		<author>
			<persName><forename type="first">F</forename><surname>Cugini</surname></persName>
		</author>
		<author>
			<persName><forename type="first">L</forename><surname>Velasco</surname></persName>
		</author>
		<author>
			<persName><forename type="first">P</forename><surname>Castoldi</surname></persName>
		</author>
	</analytic>
	<monogr>
		<title level="j">Photonic Netw. Comm</title>
		<imprint>
			<biblScope unit="volume">28</biblScope>
			<biblScope unit="page" from="45" to="57" />
			<date type="published" when="2014">2014</date>
		</imprint>
	</monogr>
</biblStruct>

<biblStruct xml:id="b26">
	<analytic>
		<title level="a" type="main">Nonparameter Nonlinear Phase Noise Mitigation by Using M-ary SVM for Coherent Optical Systems</title>
		<author>
			<persName><forename type="first">M</forename><surname>Li</surname></persName>
		</author>
		<author>
			<persName><forename type="first">S</forename><surname>Yu</surname></persName>
		</author>
		<author>
			<persName><forename type="first">J</forename><surname>Yang</surname></persName>
		</author>
		<author>
			<persName><forename type="first">Z</forename><surname>Chen</surname></persName>
		</author>
		<author>
			<persName><forename type="first">Y</forename><surname>Han</surname></persName>
		</author>
		<author>
			<persName><forename type="first">W</forename><surname>Gu</surname></persName>
		</author>
	</analytic>
	<monogr>
		<title level="j">IEEE Photon. J</title>
		<imprint>
			<biblScope unit="volume">5</biblScope>
			<date type="published" when="2013">2013</date>
		</imprint>
	</monogr>
</biblStruct>

<biblStruct xml:id="b27">
	<analytic>
		<title level="a" type="main">Using the OCATA Digital Twin to Improve QoT of Optical Connections in Multiband Optical Networks</title>
		<author>
			<persName><forename type="first">S</forename><surname>Ghasrizadeh</surname></persName>
		</author>
		<author>
			<persName><forename type="first">P</forename><surname>Khare</surname></persName>
		</author>
		<author>
			<persName><forename type="first">M</forename><surname>Ruiz</surname></persName>
		</author>
		<author>
			<persName><forename type="first">L</forename><surname>Velasco</surname></persName>
		</author>
	</analytic>
	<monogr>
		<title level="m">IEEE International Conference on Optical Network Design and Modelling (ONDM)</title>
		<imprint>
			<biblScope unit="page">2024</biblScope>
		</imprint>
	</monogr>
</biblStruct>

<biblStruct xml:id="b28">
	<monogr>
		<author>
			<persName><forename type="first">N</forename><surname>Bouguila</surname></persName>
		</author>
		<author>
			<persName><forename type="first">W</forename><surname>Fao</surname></persName>
		</author>
		<title level="m">Mixture Models and Applications</title>
		<imprint>
			<publisher>Springer</publisher>
			<date type="published" when="2020">2020</date>
		</imprint>
	</monogr>
</biblStruct>

<biblStruct xml:id="b29">
	<analytic>
		<title level="a" type="main">Optimum Integration Procedures for Supercontinuum Simulation</title>
		<author>
			<persName><forename type="first">A</forename><surname>Rieznik</surname></persName>
		</author>
		<author>
			<persName><forename type="first">A</forename><surname>Heidt</surname></persName>
		</author>
		<author>
			<persName><forename type="first">P</forename><surname>König</surname></persName>
		</author>
		<author>
			<persName><forename type="first">V</forename><surname>Bettachini</surname></persName>
		</author>
		<author>
			<persName><forename type="first">D</forename><surname>Grosz</surname></persName>
		</author>
	</analytic>
	<monogr>
		<title level="j">IEEE Photonics J</title>
		<imprint>
			<biblScope unit="volume">4</biblScope>
			<biblScope unit="page" from="552" to="560" />
			<date type="published" when="2012">2012</date>
		</imprint>
	</monogr>
</biblStruct>

<biblStruct xml:id="b30">
	<analytic>
		<title level="a" type="main">Modified detection areas of constellation points of 16QAM signals for nonlinear impairment mitigation</title>
		<author>
			<persName><forename type="first">S</forename><surname>Ghasrizadeh</surname></persName>
		</author>
		<author>
			<persName><forename type="first">M</forename><surname>Ruiz</surname></persName>
		</author>
		<author>
			<persName><forename type="first">L</forename><surname>Velasco</surname></persName>
		</author>
	</analytic>
	<monogr>
		<title level="j">CORA.Repositori de Dades de Recerca</title>
		<imprint>
			<biblScope unit="issue">1</biblScope>
			<date type="published" when="2024">2024</date>
		</imprint>
	</monogr>
</biblStruct>

				</listBibl>
			</div>
		</back>
	</text>
</TEI>
